"","SEQNUM","SURMNTH","FWGHT","FORMTYPE","A4","A5","A6","C2","DVC4","DVC5","DVC4C5","DVC6ST01","DVC6ED01","DVC6ST02","DVC6ED02","DVC6ST03","DVC6ED03","DVC6ST04","DVC6ED04","DVC6ST05","DVC6ED05","DVC6ST06","DVC6ED06","DVC6ST07","DVC6ED07","DVC6ST08","DVC6ED08","DVC6ST09","DVC6ED09","DVC6","D1","DVD2","D3","DVD3","D4","DVD4","D5","D6","D8A","DVD8A","D8B","DVD8B","D8C","DVD8C","D10A","DVD10A","D10B","DVD10B","D10C","DVD10C","D10D","DVD10D","D11A","DVD11A","D11B","DVD11B","E2A","E2B","E2C","E2D","E2E","E2F","E2G","E2H","E2I","E2J","TIMECR","TIMENS","F1","F2A","F2AA","F2B","F2BB","DVF4A","DVF4B","DVF4C","F5","DVF5AB","DVF6A","DVF6B","DVF6C","F7","DVF7A1","DVF7A2","DVF7A3","DVF7A4","F8","F9","DVF9A1","DVF9A2","F10","DVF10A1","DVF10A2","DVF10A3","DVF10A4","DVF10A5","DVF10A6","F11","DVF11A1","DVF11A2","DVF11A3","DVF11A4","DVF11A5","DVF12A","DVF12B","DVF13","DVF14","F15","DVF16A","DVF16B","DVF16C","DVF16D","DVF16E","DVF16F","DVF17A","DVF17B","DVF17C","DVF17D","DVF18A","DVF18B","DVF19A","DVF19B","DVF19C","DVF19D","F20","DVF21A","DVF21B","DVF21C","DVF21D","DVF21E","DVF21F","DVF21G","DVF21H","DVF21I","DVF21J","DVF21K","DVF21L","F22","F23","G1","DVG2SP02","DVG2SP03","DVG2SP04","DVG2SP08","DVG2SP10","DVG2SP14","DVG2SP15","DVG2SP16","DVG2SP20","DVG2SP23","DVG2SP28","DVG2SP29","DVG2SP33","DVG2SP34","DVG2SP35","DVG2SP36","DVG2SP37","DVG2SP39","DVG2SP42","DVG2SP44","DVG2SP46","DVG2SP47","DVG2SP48","DVG2SP52","DVG2SP55","DVG2SP57","DVG2SP63","DVG2SP65","DVG2SP00","DVSP0065","DVSP0164","DVG2A","DVG2B","G4","G5C01","G5C02","G5C03","G5C04","G5C05","G5C06","G5C07","G5C08","G5C09","G5C10","G5C11","G5C12","G6","G7","DVG8MEMT","DVG8MEMA","DVAGR8MA","DVG8COMA","DVG8AS1A","DVG8AS2A","DVG8AS3A","DVG8AS4A","DVG8MEMB","DVAGR8MB","DVG8COMB","DVG8AS1B","DVG8AS2B","DVG8AS3B","DVG8AS4B","DVG8MEMC","DVAGR8MC","DVG8COMC","DVG8AS1C","DVG8AS2C","DVG8AS3C","DVG8AS4C","DVG8MEMD","DVAGR8MD","DVG8COMD","DVG8AS1D","DVG8AS2D","DVG8AS3D","DVG8AS4D","G9","G10A","DVRESCOA","DVG10AMA","DVAGRAMA","DVG10AMB","DVAGRAMB","G10B","DVRESREF","DVG10BMA","DVAGRBMA","DVG10BMB","DVAGRBMB","G10C","DVRESVOL","DVG10CMA","DVAGRCMA","DVG10CMB","DVAGRCMB","G10D","DVRESSPC","DVG10DMA","DVAGRDMA","DVG10DMB","DVAGRDMB","G11","G12","H1","H2","H3","H4","H5CAP","H5A","H7","H9SICCAT","H10SOCCT","H10PINEO","H13","H14","H15","H16","H18SICCT","H19SOCCT","H19PINEO","H21","H22","H23MAIN","H23OTH","H24","H25C01","H25C02","H25C03","H25C04","H25C05","H25C06","H25C07","H25C08","H25C09","H26","H27","H28","H29A","H29B","DVHRWK","DVWKACTY","DVSPERN","J1","J2","J3","J4","J5","J6","DVJ7S1","DVJ7E1","DVJ7S2","DVJ7E2","J8","DVJ8","J9","DVJ9","J10","J11","J12","K2","DVBORNRC","DVAGRIMM","DVK13","DVK13ESU","DVK13FSU","DVK13OSU","DVK14","K15","K16","K17","K18","DVEDUC","DVK19COL","K20","K21","K22","K24","DVK25COL","DVK26COL","K28","K29CAP","K29A","DVPERINC","K31","K32CAP","DVHHINC","DVAGEGR","DVSEX","DVMS","DVHHSCAP","DVPROV","DVCMA","DVLVGRGR","DVAGRYC","RESC0004","RESC0512","RESC1318","RESC1924","RESC2596","DVAGRSP"
"1",4408,2,964.0851,1,6,1,6,1,800,2150,830,800,2150,9797,9797,9797,9797,9797,9797,9797,9797,9797,9797,9797,9797,9797,9797,9797,9797,830,1,60,1,40,2,0,2,0,2,0,2,0,1,35,1,15,2,0,1,1,2,0,1,10,2,0,2,2,1,2,2,2,2,2,1,2,2,0,2,0,999.7,0,999.7,4,4,2,1,1,4,3,2,2,0,0,0,0,2,0,0,0,0,0,0,0,0,0,0,0,0,0,0,0,0,4,4,4,2,1,4,4,4,3,4,4,4,3,4,3,3,3,4,1,4,4,2,0,0,0,0,0,0,0,0,0,0,0,0,6,1,1,0,0,0,0,0,0,0,0,0,0,0,0,0,0,0,0,2,0,0,0,0,0,0,0,0,0,0,0,0,1,1,1,7,0,0,0,0,0,0,0,0,0,0,0,0,0,2,1,1,1,5,5,65,98,97,97,0,0,8,97,97,97,97,0,0,8,97,97,97,97,0,0,8,97,97,97,97,1,1,2,1,5,0,0,2,2,0,0,0,0,1,2,1,5,0,0,1,2,1,5,0,0,2,0,1,0,0,0,9997,0,97,97,97,97,2,1,0,97,11,10,9,2,2,40,99.7,1,0,0,0,0,0,0,0,0,0,1,2,2,2,2,40,3,1,1,1,0,0,48,1,900,1700,9797,9797,1,5,1,3,1,24,3,1,1,97,2,0,1,0,2,9,1,1,3,3,2,3,3,2,2,1,1,1,300,3,2,2,1,8,5,2,1,3,3,4,3,4,1,0,0,0,0,2
"2",15953,7,934.6423,1,1,2,3,1,9999,9999,9999,9999,9999,9797,9797,9797,9797,9797,9797,9797,9797,9797,9797,9797,9797,9797,9797,9797,9797,9999,1,55.5,1,39,1,12,2,0,2,0,2,0,2,0,2,0,2,0,2,0,2,0,2,0,2,0,2,2,1,2,1,1,1,1,1,2,6,0,2,0,999.7,0,999.7,1,1,1,2,5,3,1,1,1,9,9,2,9,2,0,0,0,0,0,0,0,0,0,0,0,0,0,0,0,0,3,2,4,2,2,0,0,0,0,0,0,4,4,2,2,3,4,4,4,4,1,2,0,0,0,0,0,0,0,0,0,0,0,0,4,1,1,5,5,0,0,0,0,0,0,0,0,0,0,0,0,0,0,5,0,5,0,0,0,0,0,0,0,0,0,7,5,4,7,7,0,0,0,0,0,0,0,0,0,0,0,0,0,2,1,1,3,2,1,34,3,14,97,0,0,8,97,97,97,97,0,0,8,97,97,97,97,0,0,8,97,97,97,97,2,2,2,0,0,0,0,2,2,0,0,0,0,2,2,0,0,0,0,1,1,0,0,0,0,1,1,1,0,0,0,9997,0,97,97,97,97,52,1,0,97,8,14,12,1,2,32,99.7,1,0,0,0,0,0,0,0,0,0,1,2,2,2,2,32,1,10,2,97,0,0,999.7,0,9797,9797,9797,9797,0,99.7,0,99.7,0,999.7,97,1,2,97,1,1,0,0,1,8,2,1,5,5,1,0,3,2,2,1,1,1,17.69,1,5,2,7,5,6,2,3,3,9,15,7,5,0,2,0,0,0,0
"3",3618,2,1091.0267,1,1,3,6,1,645,2215,930,1530,2215,9797,9797,9797,9797,9797,9797,9797,9797,9797,9797,9797,9797,9797,9797,9797,9797,405,1,49,1,18,2,0,2,0,1,2,2,0,2,0,1,33,2,0,2,0,2,0,2,0,2,0,3,2,1,2,2,2,2,2,2,2,1,0,1,2,999.7,1,50,1,4,1,2,7,1,1,1,2,0,0,0,0,2,0,0,0,0,0,0,0,0,0,0,0,0,0,0,0,0,4,4,4,4,1,4,4,4,4,3,4,4,4,3,3,3,4,4,4,3,4,1,4,4,4,4,4,4,4,4,4,2,4,4,4,1,2,0,0,0,0,0,0,0,0,0,0,0,0,0,0,0,0,0,0,0,0,0,0,0,0,0,0,0,0,0,0,0,0,0,1,2,2,2,1,2,2,2,2,2,2,2,2,2,2,0,0,0,0,97,97,97,97,0,0,0,97,97,97,97,0,0,0,97,97,97,97,0,0,0,97,97,97,97,2,2,2,0,0,0,0,2,2,0,0,0,0,1,2,3,3,0,0,2,2,0,0,0,0,1,1,1,0,0,0,9997,0,97,97,97,97,52,1,0,97,10,7,4,2,2,37.5,99.7,1,0,0,0,0,0,0,0,0,0,4,2,2,1,2,37.5,1,3,1,8,0,2,999.7,0,9797,9797,9797,9797,1,5,1,3,1,89,10,1,1,97,1,1,0,0,1,9,1,1,4,4,11,1,1,2,2,1,1,1,1400,4,7,2,1,9,6,2,1,3,3,4,3,14,0,0,1,0,0,4
"4",18159,8,503.9325,1,6,1,6,2,9797,9797,9797,9797,9797,9797,9797,9797,9797,9797,9797,9797,9797,9797,9797,9797,9797,9797,9797,9797,9797,9797,2,0,1,2,1,5,2,0,2,0,1,2,2,0,2,0,2,0,2,0,2,0,2,0,2,0,2,2,2,2,2,2,2,2,2,2,0,0,1,2,999.7,1,12,1,1,1,2,5,3,1,1,1,2,4,4,4,2,0,0,0,0,0,0,0,0,0,0,0,0,0,0,0,0,4,2,2,1,1,4,4,4,4,4,2,4,4,4,4,2,4,1,2,4,4,1,4,4,4,4,4,4,4,4,4,2,4,4,5,1,1,0,1,5,0,0,0,0,0,2,0,0,0,0,0,0,0,0,0,5,0,0,0,0,0,0,1,0,0,0,5,5,3,2,0,0,0,0,0,0,0,0,0,0,0,0,0,2,1,1,4,5,1,57,97,97,97,0,0,8,97,97,97,97,0,0,8,97,97,97,97,0,0,8,97,97,97,97,2,2,2,0,0,0,0,1,1,0,0,0,0,2,2,0,0,0,0,1,1,4,5,0,0,1,1,9,0,2,1,9997,0,2,1,20,16,97,0,0,97,97,97,97,0,0,99.7,99.7,0,0,0,0,0,0,0,0,0,0,0,0,0,0,0,999.7,0,12,2,97,0,0,999.7,0,9797,9797,9797,9797,0,99.7,0,99.7,0,999.7,97,1,1,97,1,1,0,0,1,6,0,2,97,11,2,1,1,2,2,1,1,4,999999.97,0,2,2,2,7,1,1,4,3,3,4,11,97,0,0,0,0,0,0
"5",16758,8,1309.3209,1,1,1,6,2,9797,9797,9797,9797,9797,9797,9797,9797,9797,9797,9797,9797,9797,9797,9797,9797,9797,9797,9797,9797,9797,9797,2,0,1,3,1,3,2,0,2,0,2,0,2,0,2,0,2,0,2,0,2,0,2,0,2,0,2,2,1,2,2,2,2,2,2,2,1,0,2,0,999.7,0,999.7,1,4,4,0,0,4,1,4,2,0,0,0,0,2,0,0,0,0,0,0,0,0,0,0,0,0,0,0,0,0,4,4,3,4,2,0,0,0,0,0,0,4,4,4,4,4,4,4,4,4,4,2,0,0,0,0,0,0,0,0,0,0,0,0,2,1,1,0,0,0,0,0,0,5,0,0,0,0,0,0,0,0,0,0,0,0,0,0,0,0,0,0,0,0,0,5,2,1,7,7,0,0,0,0,0,0,0,0,0,0,0,0,0,2,2,0,0,0,0,97,97,97,97,0,0,0,97,97,97,97,0,0,0,97,97,97,97,0,0,0,97,97,97,97,2,2,2,0,0,0,0,2,2,0,0,0,0,2,2,0,0,0,0,2,2,0,0,0,0,2,0,1,0,0,0,9997,0,97,97,97,97,52,1,0,97,4,32,15,2,2,60,99.7,1,0,0,0,0,0,0,0,0,0,1,2,2,2,1,60,1,2,1,2,0,0,0,2,9797,9797,9797,9797,2,0,2,0,2,999.7,10,1,1,97,5,1,0,1,3,1,0,0,97,13,11,3,1,1,2,1,1,1,30000,7,7,2,1,98,9,1,1,2,6,9,2,97,0,0,0,0,0,4
"6",2057,1,2622.5812,1,3,1,2,1,730,2245,915,1545,2245,9797,9797,9797,9797,9797,9797,9797,9797,9797,9797,9797,9797,9797,9797,9797,9797,420,1,10,1,5,2,0,2,0,2,0,2,0,2,0,2,0,2,0,2,0,2,0,2,0,1,4,2,2,2,2,1,2,2,2,2,2,1,0,2,0,999.7,0,999.7,1,1,1,2,6,4,1,1,1,3,4,4,4,2,0,0,0,0,0,0,0,0,0,0,0,0,0,0,0,0,3,4,3,3,2,0,0,0,0,0,0,4,3,4,3,3,4,4,4,3,4,2,0,0,0,0,0,0,0,0,0,0,0,0,4,1,1,0,1,0,0,0,0,4,0,0,0,0,0,0,0,0,0,0,0,0,0,0,0,0,0,0,0,0,0,0,2,2,1,2,0,0,0,0,0,0,0,0,0,0,0,0,0,2,1,2,2,2,5,42,97,97,97,3,2,5,34,42,97,97,0,0,8,97,97,97,97,0,0,8,97,97,97,97,2,2,2,0,0,0,0,1,1,0,0,0,0,1,1,0,0,0,0,1,1,0,0,0,0,1,1,1,0,0,0,9997,0,97,97,97,97,52,1,0,97,3,27,15,2,2,40,99.7,1,0,0,0,0,0,0,0,0,0,4,2,2,2,2,40,1,1,1,1,0,0,40,1,800,1700,9797,9797,1,10,2,0,1,10,9,2,2,97,2,0,1,0,1,9,2,2,97,11,2,2,2,1,2,1,1,1,10.5,1,6,2,1,8,7,1,1,4,8,13,3,10,0,2,0,0,0,2
"7",14464,7,1624.7721,1,2,2,4,1,9999,9999,9999,0,0,9797,9797,9797,9797,9797,9797,9797,9797,9797,9797,9797,9797,9797,9797,9797,9797,0,1,168,1,12.5,1,12,2,0,2,0,1,6,2,0,1,2,2,0,1,6,2,0,2,0,2,0,1,2,1,1,1,1,1,1,1,1,9,0,2,0,999.7,0,999.7,1,4,1,1,1,4,1,2,2,0,0,0,0,2,0,0,0,0,0,0,0,0,0,0,0,0,0,0,0,0,4,4,4,4,2,0,0,0,0,0,0,4,4,4,2,4,4,4,2,4,4,2,0,0,0,0,0,0,0,0,0,0,0,0,3,1,2,0,0,0,0,0,0,0,0,0,0,0,0,0,0,0,0,0,0,0,0,0,0,0,0,0,0,0,0,0,0,0,0,0,1,2,2,2,2,1,2,2,2,2,2,2,2,2,1,2,3,2,7,34,3,20,65,3,2,7,34,65,97,97,0,0,7,97,97,97,97,0,0,7,97,97,97,97,2,1,2,1,5,0,0,2,2,0,0,0,0,2,2,0,0,0,0,1,1,0,0,0,0,1,1,5,0,2,2,1990,0,97,97,97,97,97,0,0,97,97,97,97,0,0,99.7,99.7,0,0,0,0,0,0,0,0,0,0,0,0,0,0,0,999.7,0,7,1,1,0,0,50,2,9797,9797,9797,9797,1,1,1,12,1,8,9,1,1,97,1,1,0,0,1,7,0,2,97,11,1,0,3,2,2,1,1,4,999999.97,0,2,2,1,10,4,2,1,5,8,12,3,3,1,2,0,0,0,2
"8",11451,5,1494.6245,1,1,1,3,1,700,2200,900,0,0,9797,9797,9797,9797,9797,9797,9797,9797,9797,9797,9797,9797,9797,9797,9797,9797,0,1,40,1,15,1,16,2,0,2,0,2,0,2,0,2,0,2,0,1,8,1,12,2,0,2,0,1,2,1,2,2,2,2,2,2,2,2,0,1,2,999.7,1,8,1,1,1,2,5,2,2,2,2,0,0,0,0,1,2,0,0,2,0,0,0,0,0,0,1,4,3,4,4,4,4,4,2,2,1,4,4,3,4,4,4,4,2,4,4,2,4,4,2,4,4,2,0,0,0,0,0,0,0,0,0,0,0,0,2,1,1,0,0,0,0,0,0,4,0,0,0,0,0,0,0,0,0,0,0,0,0,0,0,0,0,0,0,0,0,0,1,1,7,1,0,0,0,0,0,0,0,0,0,0,0,0,0,2,1,2,3,3,1,20,15,39,97,2,3,5,37,42,65,4,0,0,8,97,97,97,97,0,0,8,97,97,97,97,2,2,2,0,0,0,0,2,2,0,0,0,0,2,2,0,0,0,0,2,2,0,0,0,0,1,1,1,0,0,0,9997,0,97,97,97,97,52,1,0,97,8,1,6,2,2,50,99.7,1,0,0,0,0,0,0,0,0,0,1,1,2,2,2,50,1,99,1,1,0,0,999.9,2,9797,9797,9797,9797,2,0,2,0,1,0,9,1,1,97,1,1,0,0,1,9,1,2,97,10,3,2,2,2,2,1,1,1,3076.92,4,11,2,2,11,8,1,1,4,2,3,3,14,0,0,2,0,0,3
"9",8902,4,3830.0201,1,3,3,4,1,710,9999,9999,9999,9999,9797,9797,9797,9797,9797,9797,9797,9797,9797,9797,9797,9797,9797,9797,9797,9797,9999,1,10,1,10,1,5,2,0,2,0,2,0,2,0,1,4,2,0,2,0,2,0,2,0,2,0,1,1,1,2,2,2,1,2,1,1,6,0,2,0,999.7,0,999.7,1,1,4,0,0,4,1,4,2,0,0,0,0,2,0,0,0,0,0,0,0,0,0,0,0,0,0,0,0,0,4,4,4,4,2,0,0,0,0,0,0,4,4,4,4,3,4,4,4,4,4,2,0,0,0,0,0,0,0,0,0,0,0,0,2,1,2,0,0,0,0,0,0,0,0,0,0,0,0,0,0,0,0,0,0,0,0,0,0,0,0,0,0,0,0,0,0,0,0,0,1,2,2,2,2,2,2,2,2,1,2,1,2,2,2,0,0,0,0,97,97,97,97,0,0,0,97,97,97,97,0,0,0,97,97,97,97,0,0,0,97,97,97,97,2,2,2,0,0,0,0,2,2,0,0,0,0,2,2,0,0,0,0,2,2,0,0,0,0,1,1,3,0,2,2,1990,0,97,97,97,97,97,0,0,97,97,97,97,0,0,99.7,99.7,0,0,0,0,0,0,0,0,0,0,0,0,0,0,0,999.7,0,99,1,99,9,9,999.9,9,9999,9999,9999,9999,9,99.9,9,99.9,1,40,99,2,1,97,1,1,0,0,1,5,0,2,97,12,2,3,4,2,1,1,1,4,999999.97,0,99,2,7,99,5,1,1,3,5,8,3,3,1,0,0,0,0,2
"10",5801,3,2419.0647,1,3,1,4,2,9797,9797,9797,9797,9797,9797,9797,9797,9797,9797,9797,9797,9797,9797,9797,9797,9797,9797,9797,9797,9797,9797,2,0,1,4,1,2,2,0,1,3,1,2,2,0,2,0,2,0,1,5,2,0,2,0,2,0,2,2,2,1,1,2,2,2,1,2,3,0,1,2,999.7,1,8,1,1,1,2,8,3,1,1,1,3,4,4,4,1,2,0,0,1,4,9,3,4,4,4,1,3,4,4,4,4,3,4,3,3,1,3,3,4,4,4,4,4,3,4,2,3,4,4,4,4,4,1,4,4,4,4,4,4,4,4,4,1,4,4,3,1,1,0,0,0,0,0,0,0,0,0,0,1,0,0,0,0,0,0,5,0,0,0,0,0,0,0,0,0,0,0,2,2,1,1,0,0,0,0,0,0,0,0,0,0,0,0,0,1,0,0,0,0,0,97,97,97,97,0,0,0,97,97,97,97,0,0,0,97,97,97,97,0,0,0,97,97,97,97,1,2,2,0,0,0,0,2,2,0,0,0,0,2,2,0,0,0,0,1,1,0,0,0,0,1,1,1,0,0,0,9997,0,97,97,97,97,52,1,0,97,4,4,2,2,2,45,99.7,1,0,0,0,0,0,0,0,0,0,1,2,2,2,1,45,1,10,2,97,0,0,999.7,0,9797,9797,9797,9797,0,99.7,0,99.7,0,999.7,97,1,2,97,1,1,0,0,1,10,1,1,3,3,4,4,2,2,2,1,1,1,999999.99,9,99,1,0,99,5,1,4,1,5,8,1,97,0,0,0,0,0,0
"11",16029,7,1260.1781,1,2,2,4,2,9797,9797,9797,9797,9797,9797,9797,9797,9797,9797,9797,9797,9797,9797,9797,9797,9797,9797,9797,9797,9797,9797,2,0,1,3,1,30,2,0,2,0,2,0,2,0,2,0,2,0,2,0,2,0,2,0,2,0,1,1,1,2,1,2,1,2,1,2,6,0,2,0,999.7,0,999.7,1,4,2,1,1,4,2,3,2,0,0,0,0,2,0,0,0,0,0,0,0,0,0,0,0,0,0,0,0,0,4,4,2,4,1,4,4,4,4,3,4,4,4,4,1,4,4,4,4,4,4,2,0,0,0,0,0,0,0,0,0,0,0,0,3,1,2,0,0,0,0,0,0,0,0,0,0,0,0,0,0,0,0,0,0,0,0,0,0,0,0,0,0,0,0,0,0,0,0,0,1,2,2,1,2,2,2,2,2,2,2,2,2,1,0,0,0,0,0,97,97,97,97,0,0,0,97,97,97,97,0,0,0,97,97,97,97,0,0,0,97,97,97,97,2,2,2,0,0,0,0,2,2,0,0,0,0,2,2,0,0,0,0,2,2,0,0,0,0,1,2,1,0,0,0,9997,0,97,97,97,97,22,1,0,97,12,28,13,2,2,39.5,99.7,1,0,0,0,0,0,0,0,0,0,1,2,2,2,2,39.5,3,10,2,97,0,0,999.7,0,9797,9797,9797,9797,0,99.7,0,99.7,0,999.7,97,2,2,97,1,1,0,0,1,7,0,2,97,11,2,5,3,2,1,1,1,1,1700,6,6,1,0,6,6,1,4,1,8,13,1,97,0,0,0,0,0,0
"12",27170,12,587.6901,1,3,1,3,2,9797,9797,9797,9797,9797,9797,9797,9797,9797,9797,9797,9797,9797,9797,9797,9797,9797,9797,9797,9797,9797,9797,2,0,1,14,1,2,2,0,2,0,1,40,2,0,1,3,2,0,2,0,2,0,2,0,2,0,2,2,1,1,2,1,1,2,2,2,4,0,2,0,999.7,0,999.7,2,1,1,1,1,4,1,2,2,0,0,0,0,2,0,0,0,0,0,0,0,0,0,0,0,0,0,0,0,0,4,4,4,4,2,0,0,0,0,0,0,4,4,4,4,3,4,4,3,4,4,2,0,0,0,0,0,0,0,0,0,0,0,0,3,1,1,0,1,0,0,0,0,0,0,0,0,0,0,0,0,0,0,0,0,0,0,0,0,0,0,0,0,0,0,0,1,1,1,1,0,0,0,0,0,0,0,0,0,0,0,0,0,1,0,0,0,0,0,97,97,97,97,0,0,0,97,97,97,97,0,0,0,97,97,97,97,0,0,0,97,97,97,97,1,2,2,0,0,0,0,2,2,0,0,0,0,2,2,0,0,0,0,1,1,0,0,0,0,1,1,1,0,0,0,9997,0,97,97,97,97,20,1,0,97,5,30,10,1,2,40,99.7,1,0,0,0,0,0,0,0,0,0,1,2,2,2,2,40,3,10,2,97,0,0,999.7,0,9797,9797,9797,9797,0,99.7,0,99.7,0,999.7,97,1,1,97,1,1,0,0,1,9,1,1,5,5,4,3,2,2,2,1,1,1,14,1,6,1,0,6,4,1,4,1,2,3,1,97,0,0,0,0,0,0
"13",14815,7,2543.8894,1,1,2,3,2,9797,9797,9797,9797,9797,9797,9797,9797,9797,9797,9797,9797,9797,9797,9797,9797,9797,9797,9797,9797,9797,9797,2,0,1,12,1,1,2,0,2,0,2,0,2,0,2,0,2,0,2,0,2,0,2,0,2,0,2,1,2,2,2,2,2,2,2,1,2,0,2,0,999.7,0,999.7,1,1,2,1,1,4,4,4,2,0,0,0,0,2,0,0,0,0,0,0,0,0,0,0,0,0,0,0,0,0,4,4,3,4,2,0,0,0,0,0,0,4,4,3,4,3,4,4,4,4,4,2,0,0,0,0,0,0,0,0,0,0,0,0,1,1,2,0,0,0,0,0,0,0,0,0,0,0,0,0,0,0,0,0,0,0,0,0,0,0,0,0,0,0,0,0,0,0,0,0,1,2,2,2,1,2,2,2,2,2,2,2,2,2,1,1,1,5,7,48,97,97,97,0,0,7,97,97,97,97,0,0,7,97,97,97,97,0,0,7,97,97,97,97,2,2,2,0,0,0,0,2,2,0,0,0,0,2,2,0,0,0,0,2,2,0,0,0,0,2,0,1,0,0,0,9997,0,97,97,97,97,52,1,0,97,3,2,6,2,2,45,99.7,1,0,0,0,0,0,0,0,0,0,1,2,2,2,2,45,1,1,1,1,0,0,40,2,9797,9797,9797,9797,1,12,1,5,2,999.7,9,1,2,97,1,1,0,0,1,8,1,1,5,5,4,5,1,1,2,1,1,1,675,3,10,2,1,11,8,2,1,2,5,7,2,97,0,0,0,0,0,4
"14",26228,12,1212.0504,1,3,2,4,2,9797,9797,9797,9797,9797,9797,9797,9797,9797,9797,9797,9797,9797,9797,9797,9797,9797,9797,9797,9797,9797,9797,2,0,1,6,2,0,2,0,2,0,2,0,2,0,2,0,2,0,2,0,2,0,2,0,1,3,2,2,2,2,2,2,2,2,2,2,0,0,2,0,999.7,0,999.7,1,1,4,0,0,4,1,1,1,4,4,4,3,1,2,0,0,2,0,0,0,0,0,0,1,4,4,4,3,4,4,4,4,2,2,0,0,0,0,0,0,4,4,4,4,4,4,1,4,4,4,2,0,0,0,0,0,0,0,0,0,0,0,0,2,1,1,5,0,0,0,0,0,0,0,1,0,0,0,0,0,0,0,0,0,0,0,0,0,0,2,0,0,0,0,5,4,3,2,1,0,0,0,0,0,0,0,0,0,0,0,0,0,2,1,1,1,5,1,31,0,2,97,0,0,8,97,97,97,97,0,0,8,97,97,97,97,0,0,8,97,97,97,97,2,1,2,1,5,0,0,2,2,0,0,0,0,2,2,0,0,0,0,2,2,0,0,0,0,1,1,5,0,2,1,9997,0,36,5,29,15,97,0,0,97,97,97,97,0,0,99.7,99.7,0,0,0,0,0,0,0,0,0,0,0,0,0,0,0,999.7,0,7,1,1,0,0,46,2,9797,9797,9797,9797,1,8,2,0,2,999.7,3,2,1,97,1,1,0,0,1,9,1,2,97,10,2,3,1,2,1,1,1,4,999999.97,0,6,2,1,8,3,1,1,2,7,11,2,97,0,0,0,0,0,2
"15",20361,9,4485.4774,2,2,2,6,2,9797,9797,9797,9797,9797,9797,9797,9797,9797,9797,9797,9797,9797,9797,9797,9797,9797,9797,9797,9797,9797,9797,2,0,1,30,1,2,2,0,2,0,2,0,1,2,2,0,2,0,2,0,2,0,2,0,2,0,2,2,2,1,2,2,2,2,2,2,1,0,2,0,999.7,0,999.7,1,1,1,1,1,3,1,3,2,0,0,0,0,2,0,0,0,0,0,0,0,0,0,0,0,0,0,0,0,0,4,4,4,4,1,4,4,4,4,3,4,4,4,4,4,3,4,4,1,4,4,1,4,4,4,4,3,4,4,4,4,4,4,4,2,1,2,0,0,0,0,0,0,0,0,0,0,0,0,0,0,0,0,0,0,0,0,0,0,0,0,0,0,0,0,0,0,0,0,0,2,0,0,0,0,0,0,0,0,0,0,0,0,2,1,1,2,3,7,37,97,97,97,0,0,7,97,97,97,97,0,0,7,97,97,97,97,0,0,7,97,97,97,97,2,2,2,0,0,0,0,2,2,0,0,0,0,2,2,0,0,0,0,2,2,0,0,0,0,2,0,5,0,2,2,1969,0,97,97,97,97,97,0,0,97,97,97,97,0,0,99.7,99.7,0,0,0,0,0,0,0,0,0,0,0,0,0,0,0,999.7,0,7,1,1,0,0,40,2,9797,9797,9797,9797,1,2,2,0,2,999.7,10,1,1,97,2,0,1,0,2,5,0,2,97,11,2,1,1,2,2,1,1,4,999999.97,0,1,2,2,8,7,2,1,4,4,5,3,15,0,0,1,1,0,4
"16",20155,9,1387.0662,1,1,1,3,2,9797,9797,9797,9797,9797,9797,9797,9797,9797,9797,9797,9797,9797,9797,9797,9797,9797,9797,9797,9797,9797,9797,2,0,1,6,2,0,2,0,1,2,2,0,2,0,2,0,1,3,1,3,2,0,1,5,2,0,2,2,1,1,1,1,2,2,1,1,6,0,2,0,999.7,0,999.7,1,1,1,1,1,1,1,1,2,0,0,0,0,2,0,0,0,0,0,0,0,0,0,0,0,0,0,0,0,0,4,4,4,3,1,4,4,4,4,4,3,4,2,4,2,2,4,3,2,3,3,2,0,0,0,0,0,0,0,0,0,0,0,0,2,1,1,0,0,0,0,0,0,0,0,0,0,0,0,0,0,0,0,0,0,0,0,0,0,0,0,0,0,0,5,0,1,7,7,7,0,0,0,0,0,0,0,0,0,0,0,0,0,2,1,1,6,3,5,35,97,97,97,0,0,8,97,97,97,97,0,0,8,97,97,97,97,0,0,8,97,97,97,97,2,2,2,0,0,0,0,2,2,0,0,0,0,2,2,0,0,0,0,1,1,0,0,5,5,2,0,4,1,1,0,9997,0,97,97,97,97,13,2,2,97,11,18,14,2,2,1.2,99.7,2,2,2,2,2,1,2,2,2,2,6,1,2,2,2,1.2,4,11,2,97,0,0,999.7,0,9797,9797,9797,9797,0,99.7,0,99.7,0,999.7,97,1,1,97,1,1,0,0,1,8,2,2,97,11,7,1,3,2,2,1,1,2,999999.97,0,2,2,3,98,1,2,4,4,2,3,10,97,0,0,0,0,0,0
"17",6008,3,4964.0121,1,1,1,6,1,800,2130,810,800,2130,9797,9797,9797,9797,9797,9797,9797,9797,9797,9797,9797,9797,9797,9797,9797,9797,810,1,70,2,0,2,0,2,0,1,2,2,0,2,0,1,1,1,1,2,0,2,0,2,0,2,0,1,1,2,1,2,1,2,2,2,2,4,0,2,0,999.7,0,999.7,3,2,3,1,1,3,2,2,1,3,4,4,4,2,0,0,0,0,0,0,0,0,0,0,0,0,0,0,0,0,4,4,4,3,2,0,0,0,0,0,0,4,4,3,3,4,4,4,4,4,4,2,0,0,0,0,0,0,0,0,0,0,0,0,1,1,2,0,0,0,0,0,0,0,0,0,0,0,0,0,0,0,0,0,0,0,0,0,0,0,0,0,0,0,0,0,0,0,0,0,2,0,0,0,0,0,0,0,0,0,0,0,0,2,2,0,0,0,0,97,97,97,97,0,0,0,97,97,97,97,0,0,0,97,97,97,97,0,0,0,97,97,97,97,2,2,2,0,0,0,0,2,2,0,0,0,0,2,2,0,0,0,0,2,2,0,0,0,0,1,1,5,0,2,2,1990,0,97,97,97,97,97,0,0,97,97,97,97,0,0,99.7,99.7,0,0,0,0,0,0,0,0,0,0,0,0,0,0,0,999.7,0,7,1,2,0,0,60,2,9797,9797,9797,9797,2,0,2,0,1,4,10,1,1,97,1,1,0,0,1,9,1,2,97,10,2,3,2,2,2,7,7,4,999999.97,0,2,2,1,9,5,2,1,4,5,8,3,1,2,0,0,0,0,2
"18",4694,3,679.3161,1,3,2,6,2,9797,9797,9797,9797,9797,9797,9797,9797,9797,9797,9797,9797,9797,9797,9797,9797,9797,9797,9797,9797,9797,9797,2,0,2,0,2,0,2,0,2,0,2,0,2,0,2,0,2,0,2,0,2,0,2,0,2,0,2,2,2,2,2,2,2,2,2,2,0,0,2,0,999.7,0,999.7,1,4,4,0,0,4,4,4,2,0,0,0,0,2,0,0,0,0,0,0,0,0,0,0,0,0,0,0,0,0,4,4,4,4,2,0,0,0,0,0,0,4,4,4,4,4,4,4,4,4,4,2,0,0,0,0,0,0,0,0,0,0,0,0,6,1,2,0,0,0,0,0,0,0,0,0,0,0,0,0,0,0,0,0,0,0,0,0,0,0,0,0,0,0,0,0,0,0,0,0,2,0,0,0,0,0,0,0,0,0,0,0,0,1,0,0,0,0,0,97,97,97,97,0,0,0,97,97,97,97,0,0,0,97,97,97,97,0,0,0,97,97,97,97,2,2,2,0,0,0,0,2,2,0,0,0,0,2,2,0,0,0,0,2,2,0,0,0,0,2,0,6,0,2,2,9997,1,97,97,97,97,97,0,0,97,97,97,97,0,0,99.7,99.7,0,0,0,0,0,0,0,0,0,0,0,0,0,0,0,999.7,0,12,2,97,0,0,999.7,0,9797,9797,9797,9797,0,99.7,0,99.7,0,999.7,97,2,7,6,3,0,0,1,3,2,0,2,97,12,2,2,5,1,1,7,7,4,999999.97,0,98,1,0,98,15,2,2,1,7,10,1,97,0,0,0,0,0,0
"19",10007,5,1859.988,1,1,1,5,1,630,2230,960,630,1900,1940,2215,9797,9797,9797,9797,9797,9797,9797,9797,9797,9797,9797,9797,9797,9797,905,1,50,1,16,1,12.5,2,0,2,0,1,8,2,0,2,0,2,0,1,2,2,0,1,8,2,0,2,2,1,1,1,2,1,2,1,2,5,0,2,0,999.7,0,999.7,1,1,3,2,5,4,1,2,2,0,0,0,0,2,0,0,0,0,0,0,0,0,0,0,0,0,0,0,0,0,4,4,4,3,2,0,0,0,0,0,0,4,1,4,4,4,2,4,1,3,4,2,0,0,0,0,0,0,0,0,0,0,0,0,2,1,2,0,0,0,0,0,0,0,0,0,0,0,0,0,0,0,0,0,0,0,0,0,0,0,0,0,0,0,0,0,0,0,0,0,1,2,2,1,2,2,2,2,2,2,2,2,2,2,1,2,3,2,7,34,65,97,97,3,2,7,65,97,97,97,0,0,7,97,97,97,97,0,0,7,97,97,97,97,1,1,1,0,0,0,0,2,2,0,0,0,0,1,1,0,0,1,5,1,1,0,0,0,0,2,0,1,0,0,0,9997,0,97,97,97,97,52,2,1,7,5,30,10,2,2,70,99.7,1,0,0,0,0,0,0,0,0,0,1,2,1,2,1,70,1,2,1,5,0,1,22,1,700,1500,9797,9797,1,26.5,1,10,1,70,8,1,2,97,1,1,0,0,1,6,0,1,9,9,7,2,3,2,2,1,1,2,999999.97,0,5,2,1,6,5,1,1,5,9,14,3,3,1,2,0,0,0,2
"20",8104,4,2739.2715,2,2,1,6,2,9797,9797,9797,9797,9797,9797,9797,9797,9797,9797,9797,9797,9797,9797,9797,9797,9797,9797,9797,9797,9797,9797,2,0,1,3,2,0,2,0,2,0,2,0,2,0,2,0,2,0,1,1,2,0,2,0,2,0,2,2,2,2,2,2,2,2,1,2,1,0,1,1,120,2,999.7,4,4,1,1,4,2,1,1,2,0,0,0,0,1,2,0,0,2,0,0,0,0,0,0,1,4,4,4,4,3,4,4,2,1,2,0,0,0,0,0,0,4,4,4,4,3,4,1,4,4,4,2,0,0,0,0,0,0,0,0,0,0,0,0,4,1,1,0,0,0,0,0,0,0,0,6,0,0,0,0,0,0,0,0,0,0,0,0,0,0,0,0,0,0,0,0,1,1,7,7,0,0,0,0,0,0,0,0,0,0,0,0,0,2,2,0,0,0,0,97,97,97,97,0,0,0,97,97,97,97,0,0,0,97,97,97,97,0,0,0,97,97,97,97,2,2,2,0,0,0,0,2,2,0,0,0,0,2,2,0,0,0,0,2,2,0,0,0,0,1,1,4,1,2,2,9997,1,97,97,97,97,97,0,0,97,97,97,97,0,0,99.7,99.7,0,0,0,0,0,0,0,0,0,0,0,0,0,0,0,999.7,0,12,2,97,0,0,999.7,0,9797,9797,9797,9797,0,99.7,0,99.7,0,999.7,97,2,1,97,2,0,1,0,2,7,0,2,97,11,2,5,3,2,2,1,1,4,999999.97,0,1,2,1,4,1,1,4,2,4,6,12,97,0,0,0,0,0,0
"21",13339,6,504.2297,1,1,1,6,1,600,2200,960,800,2200,9797,9797,9797,9797,9797,9797,9797,9797,9797,9797,9797,9797,9797,9797,9797,9797,840,1,98,1,28,2,0,2,0,1,12,2,0,2,0,2,0,2,0,2,0,2,0,2,0,2,0,2,2,2,2,2,2,2,1,1,2,2,0,2,0,999.7,0,999.7,1,3,4,0,0,4,4,3,2,0,0,0,0,2,0,0,0,0,0,0,0,0,0,0,0,0,0,0,0,0,4,4,3,4,2,0,0,0,0,0,0,4,4,4,3,4,4,1,4,4,4,2,0,0,0,0,0,0,0,0,0,0,0,0,5,1,2,0,0,0,0,0,0,0,0,0,0,0,0,0,0,0,0,0,0,0,0,0,0,0,0,0,0,0,0,0,0,0,0,0,1,2,2,2,2,2,2,2,2,2,2,2,1,2,2,0,0,0,0,97,97,97,97,0,0,0,97,97,97,97,0,0,0,97,97,97,97,0,0,0,97,97,97,97,2,2,2,0,0,0,0,2,2,0,0,0,0,2,2,0,0,0,0,1,1,0,0,0,0,1,1,5,0,2,2,1988,0,97,97,97,97,97,0,0,97,97,97,97,0,0,99.7,99.7,0,0,0,0,0,0,0,0,0,0,0,0,0,0,0,999.7,0,12,2,97,0,0,999.7,0,9797,9797,9797,9797,0,99.7,0,99.7,0,999.7,97,2,1,97,1,1,0,0,1,8,2,2,97,11,2,4,3,2,2,1,1,4,999999.97,0,4,2,7,4,3,2,4,3,2,3,7,0,2,0,0,0,0,0
"22",3408,2,910.6084,1,2,1,3,2,9797,9797,9797,9797,9797,9797,9797,9797,9797,9797,9797,9797,9797,9797,9797,9797,9797,9797,9797,9797,9797,9797,2,0,1,6,2,0,2,0,2,0,2,0,2,0,2,0,2,0,2,0,2,0,2,0,2,0,2,2,2,1,1,2,2,2,1,2,3,0,1,1,15,1,24,1,1,1,1,1,4,1,1,1,3,3,4,4,1,2,0,0,2,0,0,0,0,0,0,1,3,4,4,4,2,4,4,2,2,1,4,4,4,4,3,4,4,3,3,3,4,4,4,2,4,4,2,0,0,0,0,0,0,0,0,0,0,0,0,2,1,2,0,0,0,0,0,0,0,0,0,0,0,0,0,0,0,0,0,0,0,0,0,0,0,0,0,0,0,0,0,0,0,0,0,1,2,2,1,2,2,2,2,2,2,2,2,2,1,0,0,0,0,0,97,97,97,97,0,0,0,97,97,97,97,0,0,0,97,97,97,97,0,0,0,97,97,97,97,1,2,2,0,0,0,0,2,2,0,0,0,0,2,2,0,0,0,0,2,2,0,0,0,0,2,0,1,0,0,0,9997,0,97,97,97,97,40,1,0,97,2,1,3,2,2,40,99.7,1,0,0,0,0,0,0,0,0,0,1,1,2,1,2,40,3,10,2,97,0,0,999.7,0,9797,9797,9797,9797,0,99.7,0,99.7,0,999.7,97,2,2,97,1,1,0,0,1,9,1,1,3,3,2,5,3,2,2,1,1,1,2400,6,6,1,0,6,3,2,4,1,8,13,1,97,0,0,0,0,0,0
"23",11145,5,2913.2739,1,2,2,4,1,705,2150,885,700,800,1700,2200,9797,9797,9797,9797,9797,9797,9797,9797,9797,9797,9797,9797,9797,9797,360,1,44,1,5,1,15,2,0,2,0,1,3,1,20,2,0,2,0,2,0,2,0,1,5,2,0,2,2,2,2,2,2,2,2,2,2,0,0,1,2,999.7,1,4,2,4,4,0,0,4,1,1,2,0,0,0,0,2,0,0,0,0,0,0,0,0,0,0,0,0,0,0,0,0,4,4,3,4,2,0,0,0,0,0,0,4,4,4,4,4,4,4,1,4,4,2,0,0,0,0,0,0,0,0,0,0,0,0,4,1,1,0,0,0,0,0,0,0,0,0,0,0,0,0,0,0,0,0,0,5,0,0,0,0,0,0,0,0,0,0,1,1,7,7,0,0,0,0,0,0,0,0,0,0,0,0,0,2,1,2,3,2,5,20,37,97,97,2,2,5,37,97,97,97,0,0,8,97,97,97,97,0,0,8,97,97,97,97,2,2,2,0,0,0,0,2,2,0,0,0,0,1,1,0,0,0,0,1,1,0,0,0,0,1,1,1,0,0,0,9997,0,97,97,97,97,52,1,0,97,12,3,4,2,2,40,99.7,1,0,0,0,0,0,0,0,0,0,1,2,1,2,1,40,1,2,1,1,0,0,28,2,9797,9797,9797,9797,1,16,1,3.5,1,40,4,1,1,97,1,1,0,0,1,9,1,1,5,5,3,4,1,2,2,1,1,1,1369,4,8,2,1,10,6,1,1,4,5,8,3,6,0,2,0,0,0,3
"24",8334,4,2778.8064,2,4,1,4,2,9797,9797,9797,9797,9797,9797,9797,9797,9797,9797,9797,9797,9797,9797,9797,9797,9797,9797,9797,9797,9797,9797,1,1,1,1,2,0,2,0,1,2,2,0,2,0,1,1.5,2,0,1,2,2,0,2,0,1,1,2,2,1,2,1,2,2,2,2,2,2,0,1,1,100,2,999.7,1,1,1,1,1,1,1,1,2,0,0,0,0,2,0,0,0,0,0,0,0,0,0,0,0,0,0,0,0,0,4,4,2,3,2,0,0,0,0,0,0,4,4,4,4,2,3,4,4,1,4,2,0,0,0,0,0,0,0,0,0,0,0,0,4,2,1,0,0,0,0,0,0,0,0,0,0,0,0,0,0,0,0,5,0,0,0,0,5,0,0,0,0,0,0,0,2,2,7,7,0,0,0,0,0,0,0,0,0,0,0,0,0,2,1,2,5,5,5,48,97,97,97,4,5,5,48,97,97,97,0,0,8,97,97,97,97,0,0,8,97,97,97,97,2,2,2,0,0,0,0,2,2,0,0,0,0,2,2,0,0,0,0,1,1,0,0,0,0,2,0,4,1,2,2,9997,1,97,97,97,97,97,0,0,97,97,97,97,0,0,99.7,99.7,0,0,0,0,0,0,0,0,0,0,0,0,0,0,0,999.7,0,12,2,97,0,0,999.7,0,9797,9797,9797,9797,0,99.7,0,99.7,0,999.7,97,1,1,97,2,0,1,0,2,6,0,2,97,11,2,5,1,2,1,1,1,4,999999.97,0,1,2,2,9,1,2,4,4,4,5,10,97,0,0,0,0,0,0
"25",12965,6,2795.3258,1,1,3,5,1,730,2230,900,0,0,9797,9797,9797,9797,9797,9797,9797,9797,9797,9797,9797,9797,9797,9797,9797,9797,0,1,28,1,3,1,55,2,0,2,0,1,3,2,0,2,0,2,0,2,0,2,0,2,0,2,0,2,2,1,2,1,1,1,1,1,1,7,0,1,1,40,2,999.7,1,4,3,1,1,2,4,3,2,0,0,0,0,2,0,0,0,0,0,0,0,0,0,0,0,0,0,0,0,0,4,4,4,4,2,0,0,0,0,0,0,4,4,4,2,4,4,4,4,4,4,2,0,0,0,0,0,0,0,0,0,0,0,0,1,1,1,0,0,0,0,0,0,0,0,0,0,0,0,0,0,0,0,0,0,0,5,0,0,0,0,0,0,0,0,4,2,1,7,7,0,0,0,0,0,0,0,0,0,0,0,0,0,2,1,1,3,2,5,34,97,97,97,0,0,8,97,97,97,97,0,0,8,97,97,97,97,0,0,8,97,97,97,97,2,2,2,0,0,0,0,2,2,0,0,0,0,1,1,0,0,0,0,2,2,0,0,0,0,1,1,1,0,0,0,9997,0,97,97,97,97,52,1,0,97,6,12,14,1,2,40,99.7,1,0,0,0,0,0,0,0,0,0,2,2,2,2,2,40,1,3,1,5,0,2,999.7,0,9797,9797,9797,9797,1,50,1,40,1,168,9,1,1,97,1,1,0,0,1,9,1,1,3,3,1,0,3,1,2,1,1,1,35000,7,7,2,1,7,7,1,1,4,5,8,3,4,1,1,0,0,0,3
"26",5206,3,723.7034,1,2,1,6,2,9797,9797,9797,9797,9797,9797,9797,9797,9797,9797,9797,9797,9797,9797,9797,9797,9797,9797,9797,9797,9797,9797,2,0,2,0,2,0,2,0,2,0,2,0,2,0,2,0,2,0,1,1,2,0,2,0,2,0,2,1,1,2,2,2,2,2,1,2,3,0,1,1,36,2,999.7,1,1,4,0,0,1,1,3,1,3,4,4,4,1,1,3,4,2,0,0,0,0,0,0,2,0,0,0,0,0,4,4,3,3,2,0,0,0,0,0,0,4,4,3,4,4,4,4,4,4,4,2,0,0,0,0,0,0,0,0,0,0,0,0,1,1,2,0,0,0,0,0,0,0,0,0,0,0,0,0,0,0,0,0,0,0,0,0,0,0,0,0,0,0,0,0,0,0,0,0,1,2,2,2,1,2,2,2,2,2,2,2,2,1,0,0,0,0,0,97,97,97,97,0,0,0,97,97,97,97,0,0,0,97,97,97,97,0,0,0,97,97,97,97,2,2,2,0,0,0,0,2,2,0,0,0,0,2,2,0,0,0,0,2,2,0,0,0,0,2,0,1,0,0,0,9997,0,97,97,97,97,25,1,0,97,12,9,9,1,2,40,99.7,1,0,0,0,0,0,0,0,0,0,1,2,2,2,1,40,3,10,2,97,0,0,999.7,0,9797,9797,9797,9797,0,99.7,0,99.7,0,999.7,97,1,1,97,1,1,0,0,1,9,1,1,6,6,1,0,1,1,1,5,1,1,18,1,4,1,0,4,3,2,4,1,9,15,1,97,0,0,0,0,0,0
"27",10129,5,1740.1063,1,1,1,3,2,9797,9797,9797,9797,9797,9797,9797,9797,9797,9797,9797,9797,9797,9797,9797,9797,9797,9797,9797,9797,9797,9797,2,0,1,9,1,5,2,0,2,0,2,0,2,0,1,4,2,0,2,0,2,0,2,0,2,0,2,2,2,2,1,2,1,2,1,2,3,0,2,0,999.7,0,999.7,1,1,1,2,8,4,1,1,2,0,0,0,0,2,0,0,0,0,0,0,0,0,0,0,0,0,0,0,0,0,4,4,3,4,2,0,0,0,0,0,0,4,3,4,4,4,4,4,4,4,4,2,0,0,0,0,0,0,0,0,0,0,0,0,4,1,1,0,0,0,0,0,0,5,0,0,0,0,0,0,0,0,0,0,0,0,0,0,0,0,0,0,0,0,0,7,2,1,7,7,0,0,0,0,0,0,0,0,0,0,0,0,0,2,2,0,0,0,0,97,97,97,97,0,0,0,97,97,97,97,0,0,0,97,97,97,97,0,0,0,97,97,97,97,2,2,2,0,0,0,0,2,2,0,0,0,0,2,2,0,0,0,0,2,2,0,0,0,0,1,1,1,0,0,0,9997,0,97,97,97,97,52,1,0,97,7,11,12,2,2,44,99.7,1,0,0,0,0,0,0,0,0,0,1,2,2,2,9,44,1,1,1,1,0,0,40,2,9797,9797,9797,9797,1,28,1,2,2,999.7,10,1,1,97,1,1,0,0,1,7,0,1,5,5,1,0,3,1,2,7,1,1,30000,7,7,2,1,8,4,1,1,2,9,15,2,97,0,0,0,0,0,2
"28",3590,2,885.0577,1,5,2,2,2,9797,9797,9797,9797,9797,9797,9797,9797,9797,9797,9797,9797,9797,9797,9797,9797,9797,9797,9797,9797,9797,9797,2,0,2,0,1,1,2,0,1,1,1,0.5,2,0,1,0.5,2,0,1,6,1,15,2,0,2,0,2,2,2,2,1,2,1,2,2,2,2,0,1,2,999.7,1,20,1,1,4,0,0,4,1,1,1,4,4,3,4,2,0,0,0,0,0,0,0,0,0,0,0,0,0,0,0,0,4,4,4,3,1,3,4,4,4,4,3,3,3,4,3,2,4,4,4,1,4,2,0,0,0,0,0,0,0,0,0,0,0,0,5,5,1,0,0,0,0,0,0,5,0,0,0,0,0,0,0,0,0,0,0,2,0,0,0,0,0,0,0,0,0,0,2,2,1,7,0,0,0,0,0,0,0,0,0,0,0,0,0,2,2,0,0,0,0,97,97,97,97,0,0,0,97,97,97,97,0,0,0,97,97,97,97,0,0,0,97,97,97,97,2,2,2,0,0,0,0,2,2,0,0,0,0,1,1,0,0,0,0,2,2,0,0,0,0,1,1,1,0,0,0,9997,0,97,97,97,97,32,2,1,2,1,1,6,2,2,40,99.7,1,0,0,0,0,0,0,0,0,0,1,1,2,2,2,40,3,3,1,5,0,2,999.7,0,9797,9797,9797,9797,1,40,2,0,2,999.7,6,1,1,97,1,1,0,0,1,9,1,1,6,6,11,1,3,2,1,1,1,2,999999.97,0,9,2,1,9,8,1,1,2,7,10,2,97,0,0,0,0,0,4
"29",26501,12,559.8247,1,1,1,6,2,9797,9797,9797,9797,9797,9797,9797,9797,9797,9797,9797,9797,9797,9797,9797,9797,9797,9797,9797,9797,9797,9797,2,0,1,3,2,0,2,0,2,0,2,0,2,0,2,0,2,0,2,0,2,0,2,0,2,0,2,1,1,2,1,1,2,1,1,2,6,0,1,1,120,2,999.7,1,2,3,1,1,1,1,1,1,3,4,4,4,2,0,0,0,0,0,0,0,0,0,0,0,0,0,0,0,0,4,4,3,2,1,3,4,3,3,4,4,3,3,4,3,3,3,4,4,4,4,1,4,4,3,4,4,4,4,4,4,4,4,4,2,5,2,0,0,0,0,0,0,0,0,0,0,0,0,0,0,0,0,0,0,0,0,0,0,0,0,0,0,0,0,0,0,0,0,0,1,2,2,1,1,2,2,2,2,2,2,2,2,1,0,0,0,0,0,97,97,97,97,0,0,0,97,97,97,97,0,0,0,97,97,97,97,0,0,0,97,97,97,97,2,2,2,0,0,0,0,2,2,0,0,0,0,2,2,0,0,0,0,2,2,0,0,0,0,1,1,4,1,2,1,9997,0,16,8,7,5,97,0,0,97,97,97,97,0,0,99.7,99.7,0,0,0,0,0,0,0,0,0,0,0,0,0,0,0,999.7,0,12,2,97,0,0,999.7,0,9797,9797,9797,9797,0,99.7,0,99.7,0,999.7,97,2,2,97,1,1,0,0,1,9,1,1,6,6,1,0,1,2,2,1,1,4,999999.97,0,2,1,0,2,3,2,4,1,7,11,1,97,0,0,0,0,0,0
"30",10693,5,4397.4457,1,2,1,3,2,9797,9797,9797,9797,9797,9797,9797,9797,9797,9797,9797,9797,9797,9797,9797,9797,9797,9797,9797,9797,9797,9797,2,0,1,3,2,0,2,0,2,0,2,0,2,0,2,0,2,0,1,1,2,0,2,0,2,0,3,2,1,1,2,1,1,1,1,1,7,0,1,9,999.9,9,999.9,1,2,4,0,0,4,1,2,2,0,0,0,0,2,0,0,0,0,0,0,0,0,0,0,0,0,0,0,0,0,4,4,4,3,2,0,0,0,0,0,0,4,4,4,4,3,4,4,4,1,4,2,0,0,0,0,0,0,0,0,0,0,0,0,3,1,2,0,0,0,0,0,0,0,0,0,0,0,0,0,0,0,0,0,0,0,0,0,0,0,0,0,0,0,0,0,0,0,0,0,2,0,0,0,0,0,0,0,0,0,0,0,0,2,2,0,0,0,0,97,97,97,97,0,0,0,97,97,97,97,0,0,0,97,97,97,97,0,0,0,97,97,97,97,2,2,2,0,0,0,0,2,2,0,0,0,0,2,2,0,0,0,0,2,2,0,0,0,0,2,0,4,1,2,1,9997,0,16,10,6,4,97,0,0,97,97,97,97,0,0,99.7,99.7,0,0,0,0,0,0,0,0,0,0,0,0,0,0,0,999.7,0,12,2,97,0,0,999.7,0,9797,9797,9797,9797,0,99.7,0,99.7,0,999.7,97,2,1,97,1,1,0,0,1,8,2,2,97,11,1,0,4,1,1,1,1,4,999999.97,0,5,2,2,98,1,1,4,3,5,8,12,97,0,0,0,0,0,0
"31",20727,9,4980.2915,1,2,1,2,2,9797,9797,9797,9797,9797,9797,9797,9797,9797,9797,9797,9797,9797,9797,9797,9797,9797,9797,9797,9797,9797,9797,2,0,1,1,1,7,2,0,1,3,1,1,1,10,1,4,2,0,2,0,2,0,2,0,2,0,2,2,2,2,2,2,2,2,2,2,0,0,2,0,999.7,0,999.7,1,2,3,2,5,3,1,2,1,2,4,4,4,1,2,0,0,1,4,4,4,4,3,4,2,0,0,0,0,0,4,4,2,2,2,0,0,0,0,0,0,2,4,4,4,4,4,4,4,4,4,2,0,0,0,0,0,0,0,0,0,0,0,0,2,1,1,0,0,0,0,0,0,0,0,5,0,0,0,0,0,0,0,0,0,0,0,0,0,0,0,0,0,0,0,0,1,1,7,7,0,0,0,0,0,0,0,0,0,0,0,0,0,2,2,0,0,0,0,97,97,97,97,0,0,0,97,97,97,97,0,0,0,97,97,97,97,0,0,0,97,97,97,97,2,2,2,0,0,0,0,2,2,0,0,0,0,2,2,0,0,0,0,1,2,5,5,0,0,1,1,1,0,0,0,9997,0,97,97,97,97,52,1,0,97,8,1,6,2,2,37.5,99.7,1,0,0,0,0,0,0,0,0,0,4,2,2,2,2,37.5,1,10,2,97,0,0,999.7,0,9797,9797,9797,9797,0,99.7,0,99.7,0,999.7,97,1,1,97,1,1,0,0,1,10,1,1,3,3,1,0,2,2,2,7,7,1,17,1,7,2,2,98,4,1,4,3,5,8,10,97,0,0,0,0,0,0
"32",4036,2,2433.9725,2,5,1,6,2,9797,9797,9797,9797,9797,9797,9797,9797,9797,9797,9797,9797,9797,9797,9797,9797,9797,9797,9797,9797,9797,9797,2,0,1,2,2,0,2,0,2,0,2,0,2,0,1,12,2,0,1,3.5,2,0,2,0,2,0,1,2,2,1,2,2,1,2,2,2,3,0,2,0,999.7,0,999.7,1,1,1,2,5,4,1,1,2,0,0,0,0,2,0,0,0,0,0,0,0,0,0,0,0,0,0,0,0,0,2,3,3,4,1,4,3,3,4,3,4,4,4,3,3,3,4,4,3,1,2,2,0,0,0,0,0,0,0,0,0,0,0,0,5,2,1,5,0,0,0,0,0,0,0,0,0,0,0,0,0,0,0,5,0,0,0,0,5,0,0,0,0,0,0,7,4,3,7,7,0,0,0,0,0,0,0,0,0,0,0,0,0,2,1,1,8,5,3,47,37,0,2,0,0,8,97,97,97,97,0,0,8,97,97,97,97,0,0,8,97,97,97,97,2,2,2,0,0,0,0,2,2,0,0,0,0,2,2,0,0,0,0,2,2,0,0,0,0,1,1,1,0,0,0,9997,0,97,97,97,97,52,1,0,97,11,17,13,2,2,40,99.7,1,0,0,0,0,0,0,0,0,0,5,2,2,2,2,40,1,10,2,97,0,0,999.7,0,9797,9797,9797,9797,0,99.7,0,99.7,0,999.7,97,2,1,97,2,0,1,0,2,10,1,1,5,5,2,4,3,2,2,1,1,1,280,3,5,2,1,7,4,2,4,2,4,5,12,97,0,0,0,0,0,0
"33",20272,9,674.6364,1,6,3,6,2,9797,9797,9797,9797,9797,9797,9797,9797,9797,9797,9797,9797,9797,9797,9797,9797,9797,9797,9797,9797,9797,9797,2,0,1,3,2,0,2,0,2,0,2,0,2,0,2,0,2,0,2,0,2,0,2,0,2,0,2,2,2,2,2,2,2,2,1,2,1,0,2,0,999.7,0,999.7,1,1,1,1,1,2,2,1,2,0,0,0,0,1,2,0,0,2,0,0,0,0,0,0,1,4,4,4,3,4,4,4,4,4,2,0,0,0,0,0,0,4,4,4,4,3,4,4,4,4,4,2,0,0,0,0,0,0,0,0,0,0,0,0,5,1,1,0,0,0,0,0,0,0,0,0,0,0,0,0,0,0,0,0,0,0,0,0,0,0,0,2,0,0,0,0,1,1,1,7,0,0,0,0,0,0,0,0,0,0,0,0,0,1,0,0,0,0,0,97,97,97,97,0,0,0,97,97,97,97,0,0,0,97,97,97,97,0,0,0,97,97,97,97,2,2,2,0,0,0,0,2,2,0,0,0,0,2,2,0,0,0,0,2,2,0,0,0,0,1,1,1,0,0,0,9997,0,97,97,97,97,52,1,0,97,8,14,12,2,2,35,99.7,1,0,0,0,0,0,0,0,0,0,1,2,2,2,2,35,1,10,2,97,0,0,999.7,0,9797,9797,9797,9797,0,99.7,0,99.7,0,999.7,97,2,2,97,1,1,0,0,1,8,2,2,97,11,3,3,2,2,2,1,1,1,11,1,6,1,0,6,10,2,2,1,6,9,1,97,0,0,0,0,0,0
"34",26912,12,809.8288,1,1,2,2,2,9797,9797,9797,9797,9797,9797,9797,9797,9797,9797,9797,9797,9797,9797,9797,9797,9797,9797,9797,9797,9797,9797,2,0,1,3,2,0,2,0,2,0,2,0,2,0,2,0,2,0,2,0,2,0,2,0,2,0,1,2,2,2,2,2,2,2,2,2,1,0,1,2,999.7,1,16,4,4,1,2,7,2,4,2,2,0,0,0,0,2,0,0,0,0,0,0,0,0,0,0,0,0,0,0,0,0,4,4,4,2,2,0,0,0,0,0,0,4,4,4,4,4,4,4,4,4,4,2,0,0,0,0,0,0,0,0,0,0,0,0,1,1,2,0,0,0,0,0,0,0,0,0,0,0,0,0,0,0,0,0,0,0,0,0,0,0,0,0,0,0,0,0,0,0,0,0,1,2,2,2,2,2,2,2,2,2,1,2,2,1,0,0,0,0,0,97,97,97,97,0,0,0,97,97,97,97,0,0,0,97,97,97,97,0,0,0,97,97,97,97,2,2,2,0,0,0,0,2,2,0,0,0,0,2,2,0,0,0,0,2,2,0,0,0,0,2,0,1,0,0,0,9997,0,97,97,97,97,52,1,0,97,13,13,14,1,2,37.5,99.7,1,0,0,0,0,0,0,0,0,0,1,2,2,2,2,37.5,1,10,2,97,0,0,999.7,0,9797,9797,9797,9797,0,99.7,0,99.7,0,999.7,97,2,1,97,2,0,1,0,1,7,0,1,7,7,2,1,1,2,2,1,1,1,23000,7,6,1,0,6,10,2,2,1,6,9,1,97,0,0,0,0,0,0
"35",18715,8,2718.5653,2,1,1,1,1,1000,2100,660,0,0,9797,9797,9797,9797,9797,9797,9797,9797,9797,9797,9797,9797,9797,9797,9797,9797,0,1,10,2,0,1,4,2,0,2,0,1,4,2,0,1,4,1,4,2,0,2,0,2,0,1,4,2,2,1,2,1,1,1,1,1,1,7,0,2,0,999.7,0,999.7,1,1,1,2,6,1,3,2,1,3,3,4,3,1,2,0,0,2,0,0,0,0,0,0,1,4,2,4,3,3,3,4,3,4,1,3,3,3,4,4,4,3,3,3,3,2,4,4,1,4,4,2,0,0,0,0,0,0,0,0,0,0,0,0,5,2,1,0,0,0,0,0,0,0,0,0,0,0,0,0,0,0,0,0,0,0,0,0,5,0,0,0,0,0,0,7,2,1,7,7,0,0,0,0,0,0,0,0,0,0,0,0,0,2,1,3,1,5,1,0,47,97,97,3,3,1,47,97,97,97,3,2,1,47,97,97,97,0,0,8,97,97,97,97,2,2,2,0,0,0,0,2,2,0,0,0,0,2,2,0,0,0,0,2,2,0,0,0,0,2,0,1,0,0,0,9997,0,97,97,97,97,52,1,0,97,6,25,8,1,2,40,99.7,1,0,0,0,0,0,0,0,0,0,1,2,2,2,2,40,1,1,1,1,0,0,35,2,9797,9797,9797,9797,1,12,1,10,1,8,9,1,1,97,2,0,1,0,2,8,1,1,5,5,2,1,1,2,2,1,1,1,22,1,8,2,1,9,7,1,1,4,4,6,3,12,0,1,1,0,0,3
"36",6834,3,1512.8514,1,1,1,3,1,9999,9999,9999,0,0,9797,9797,9797,9797,9797,9797,9797,9797,9797,9797,9797,9797,9797,9797,9797,9797,0,1,2,1,10,1,20,2,0,2,0,2,0,2,0,2,0,2,0,2,0,1,10,2,0,2,0,2,2,1,1,1,1,2,1,1,2,6,0,2,0,999.7,0,999.7,2,2,4,0,0,4,4,3,2,0,0,0,0,2,0,0,0,0,0,0,0,0,0,0,0,0,0,0,0,0,4,4,4,3,2,0,0,0,0,0,0,4,4,4,2,4,4,4,4,4,4,2,0,0,0,0,0,0,0,0,0,0,0,0,4,1,2,0,0,0,0,0,0,0,0,0,0,0,0,0,0,0,0,0,0,0,0,0,0,0,0,0,0,0,0,0,0,0,0,0,1,2,2,2,1,2,2,2,2,2,2,2,2,2,2,0,0,0,0,97,97,97,97,0,0,0,97,97,97,97,0,0,0,97,97,97,97,0,0,0,97,97,97,97,2,2,2,0,0,0,0,2,2,0,0,0,0,2,2,0,0,0,0,2,2,0,0,0,0,1,1,1,0,0,0,9997,0,97,97,97,97,52,1,0,97,12,24,10,2,2,60,99.7,1,0,0,0,0,0,0,0,0,0,1,2,1,1,1,60,1,1,1,1,0,0,40,1,800,430,9797,9797,2,0,2,0,1,42,3,1,1,97,1,1,0,0,1,9,1,1,5,5,4,3,2,2,2,1,1,1,2300,6,8,2,1,8,5,1,1,4,8,12,3,2,1,1,0,0,0,2
"37",8916,4,1600.1631,1,1,3,6,2,9797,9797,9797,9797,9797,9797,9797,9797,9797,9797,9797,9797,9797,9797,9797,9797,9797,9797,9797,9797,9797,9797,2,0,1,5,2,0,2,0,1,24,2,0,2,0,1,3,2,0,2,0,2,0,1,1,2,0,2,2,1,2,1,2,2,2,1,2,3,0,2,0,999.7,0,999.7,1,1,3,1,1,4,2,3,2,0,0,0,0,1,1,4,3,1,4,3,4,4,4,4,1,4,4,4,3,3,4,4,4,2,1,4,3,4,4,4,4,4,4,3,4,3,4,4,4,4,4,1,4,4,4,4,4,4,4,4,4,3,4,4,2,1,2,0,0,0,0,0,0,0,0,0,0,0,0,0,0,0,0,0,0,0,0,0,0,0,0,0,0,0,0,0,0,0,0,0,1,2,2,2,2,2,2,2,2,2,2,2,1,1,0,0,0,0,0,97,97,97,97,0,0,0,97,97,97,97,0,0,0,97,97,97,97,0,0,0,97,97,97,97,2,2,2,0,0,0,0,2,2,0,0,0,0,2,2,0,0,0,0,1,1,0,0,0,0,1,1,1,0,0,0,9997,0,97,97,97,97,52,1,0,97,13,16,10,1,2,42,99.7,1,0,0,0,0,0,0,0,0,0,4,2,2,2,1,42,1,10,2,97,0,0,999.7,0,9797,9797,9797,9797,0,99.7,0,99.7,0,999.7,97,1,1,97,1,1,0,0,1,9,1,1,8,8,2,5,3,1,2,1,1,1,50000,7,9,1,0,9,7,1,3,1,9,15,1,97,0,0,0,0,0,0
"38",20056,9,593.1565,1,3,2,6,1,1000,2315,795,1700,2300,9797,9797,9797,9797,9797,9797,9797,9797,9797,9797,9797,9797,9797,9797,9797,9797,360,1,47,1,20,2,0,2,0,1,24,2,0,2,0,1,2,2,0,2,0,2,0,2,0,2,0,2,2,2,2,2,2,2,2,2,2,0,0,2,0,999.7,0,999.7,1,4,2,1,1,4,1,3,2,0,0,0,0,2,0,0,0,0,0,0,0,0,0,0,0,0,0,0,0,0,4,4,4,4,2,0,0,0,0,0,0,4,4,4,4,4,4,4,4,4,4,2,0,0,0,0,0,0,0,0,0,0,0,0,4,1,1,0,0,0,0,0,0,0,0,0,0,0,0,0,0,0,0,0,0,0,0,0,0,0,0,0,5,0,0,7,2,1,7,7,0,0,0,0,0,0,0,0,0,0,0,0,0,2,1,2,3,3,5,4,97,97,97,3,2,5,4,97,97,97,0,0,8,97,97,97,97,0,0,8,97,97,97,97,2,2,2,0,0,0,0,2,2,0,0,0,0,2,2,0,0,0,0,1,2,3,3,3,2,2,0,5,0,2,2,1991,0,97,97,97,97,97,0,0,97,97,97,97,0,0,99.7,99.7,0,0,0,0,0,0,0,0,0,0,0,0,0,0,0,999.7,0,12,2,97,0,0,999.7,0,9797,9797,9797,9797,0,99.7,0,99.7,0,999.7,97,2,1,97,1,1,0,0,1,7,0,2,97,11,2,5,3,2,2,1,1,4,999999.97,0,3,2,1,99,6,2,3,3,2,3,7,12,0,1,1,0,0,0
"39",10277,5,5506.5599,2,1,1,6,2,9797,9797,9797,9797,9797,9797,9797,9797,9797,9797,9797,9797,9797,9797,9797,9797,9797,9797,9797,9797,9797,9797,2,0,1,30,2,0,2,0,2,0,2,0,2,0,2,0,2,0,2,0,2,0,2,0,2,0,1,1,1,1,2,2,2,2,2,3,4,0,2,0,999.7,0,999.7,1,3,3,1,1,3,3,4,2,0,0,0,0,2,0,0,0,0,0,0,0,0,0,0,0,0,0,0,0,0,4,4,4,4,2,0,0,0,0,0,0,4,4,4,4,4,4,4,2,4,4,2,0,0,0,0,0,0,0,0,0,0,0,0,2,1,1,0,0,0,0,0,0,0,0,0,0,0,0,0,0,0,0,0,0,0,0,0,0,0,0,0,1,0,0,7,2,1,1,1,0,0,0,0,0,0,0,0,0,0,0,0,0,2,1,3,1,5,1,57,0,97,97,3,4,6,20,65,3,97,3,4,1,4,57,0,97,0,0,8,97,97,97,97,1,2,2,0,0,0,0,2,2,0,0,0,0,2,2,0,0,0,0,2,2,0,0,0,0,2,0,1,0,0,0,9997,0,97,97,97,97,52,1,0,97,3,33,10,1,2,37.5,99.7,1,0,0,0,0,0,0,0,0,0,1,2,2,2,2,37.5,1,1,1,1,0,0,55,2,9797,9797,9797,9797,2,0,1,2,2,999.7,11,1,1,97,2,0,1,0,2,3,0,2,97,12,99,9,1,2,1,1,1,1,999999.99,9,99,2,1,99,9,2,1,4,4,6,3,20,0,0,0,2,0,4
"40",21349,10,2648.6369,1,1,1,4,1,700,2100,840,700,815,1730,2100,9797,9797,9797,9797,9797,9797,9797,9797,9797,9797,9797,9797,9797,9797,285,1,50,1,10,1,2,2,0,2,0,2,0,1,10,1,2,2,0,1,2,2,0,1,6,2,0,2,2,2,1,2,2,2,2,2,2,1,0,2,0,999.7,0,999.7,1,2,1,2,5,2,3,1,2,0,0,0,0,1,2,0,0,2,0,0,0,0,0,0,1,4,4,4,3,4,4,4,4,3,1,4,4,2,4,4,4,4,4,4,4,3,4,4,1,4,4,2,0,0,0,0,0,0,0,0,0,0,0,0,6,1,1,0,0,0,0,0,0,0,0,0,0,0,0,0,0,2,0,0,0,0,0,0,0,0,0,0,0,0,0,0,1,1,1,7,0,0,0,0,0,0,0,0,0,0,0,0,0,2,1,2,3,2,1,35,98,97,97,3,1,5,16,97,97,97,0,0,8,97,97,97,97,0,0,8,97,97,97,97,2,1,1,1,5,0,0,2,2,0,0,0,0,2,2,0,0,0,0,1,1,1,5,0,0,1,1,1,0,0,0,9997,0,97,97,97,97,42,1,0,97,12,9,9,2,2,35,99.7,1,0,0,0,0,0,0,0,0,0,1,1,2,2,2,35,3,1,1,1,0,0,40,1,800,1630,9797,9797,1,5,2,0,1,15,9,1,1,97,1,1,0,0,1,9,1,2,97,10,3,5,1,2,2,1,1,1,30000,7,7,2,1,10,5,2,1,4,5,8,3,4,1,1,0,0,0,3
"41",5652,3,601.5901,1,1,3,2,2,9797,9797,9797,9797,9797,9797,9797,9797,9797,9797,9797,9797,9797,9797,9797,9797,9797,9797,9797,9797,9797,9797,2,0,1,5,2,0,2,0,2,0,2,0,2,0,2,0,2,0,2,0,2,0,2,0,2,0,2,3,1,3,1,1,3,1,1,1,6,0,1,1,40,2,999.7,1,1,1,2,8,1,1,4,2,0,0,0,0,2,0,0,0,0,0,0,0,0,0,0,0,0,0,0,0,0,4,4,4,4,2,0,0,0,0,0,0,4,4,4,4,4,4,4,4,4,4,2,0,0,0,0,0,0,0,0,0,0,0,0,3,2,2,0,0,0,0,0,0,0,0,0,0,0,0,0,0,0,0,0,0,0,0,0,0,0,0,0,0,0,0,0,0,0,0,0,1,2,2,2,1,2,2,1,2,2,2,2,2,1,0,0,0,0,0,97,97,97,97,0,0,0,97,97,97,97,0,0,0,97,97,97,97,0,0,0,97,97,97,97,2,2,2,0,0,0,0,2,2,0,0,0,0,2,2,0,0,0,0,2,2,0,0,0,0,2,0,4,1,1,0,9997,0,97,97,97,97,20,2,2,97,8,14,14,2,2,12,99.7,2,2,2,2,2,1,2,1,2,2,1,1,2,2,2,12,4,11,2,97,0,0,999.7,0,9797,9797,9797,9797,0,99.7,0,99.7,0,999.7,97,2,9,8,3,0,0,1,5,10,1,1,1,1,1,0,2,2,2,9,9,2,999999.97,0,2,1,0,2,6,1,1,1,7,11,1,97,0,0,0,0,0,8
"42",8101,4,2549.6956,2,1,3,6,2,9797,9797,9797,9797,9797,9797,9797,9797,9797,9797,9797,9797,9797,9797,9797,9797,9797,9797,9797,9797,9797,9797,2,0,2,0,2,0,2,0,2,0,2,0,2,0,2,0,2,0,2,0,2,0,2,0,2,0,2,1,2,2,2,2,2,2,2,2,1,0,2,0,999.7,0,999.7,1,1,1,2,5,3,1,4,2,0,0,0,0,1,2,0,0,2,0,0,0,0,0,0,1,4,3,9,3,3,4,4,4,4,1,3,3,4,4,4,4,4,3,1,4,3,3,4,3,4,4,2,0,0,0,0,0,0,0,0,0,0,0,0,2,1,1,0,0,0,0,0,0,0,0,0,0,0,0,0,0,0,0,5,0,0,0,0,6,0,0,0,0,0,6,7,4,2,7,7,0,0,0,0,0,0,0,0,0,0,0,0,0,2,1,1,1,5,2,15,37,0,47,0,0,8,97,97,97,97,0,0,8,97,97,97,97,0,0,8,97,97,97,97,2,2,2,0,0,0,0,2,2,0,0,0,0,2,2,0,0,0,0,2,2,0,0,0,0,2,0,6,0,2,2,1990,0,97,97,97,97,97,0,0,97,97,97,97,0,0,99.7,99.7,0,0,0,0,0,0,0,0,0,0,0,0,0,0,0,999.7,0,99,1,2,0,0,999.9,2,9797,9797,9797,9797,2,0,2,0,2,999.7,5,2,1,97,2,0,1,0,2,4,0,2,97,11,2,1,3,2,1,1,1,4,999999.97,0,1,2,1,7,10,2,1,2,4,6,2,97,0,0,0,0,0,5
"43",25925,11,439.4603,1,1,1,6,1,730,2200,870,1930,2200,9797,9797,9797,9797,9797,9797,9797,9797,9797,9797,9797,9797,9797,9797,9797,9797,150,1,17.5,2,0,1,8.5,2,0,2,0,1,15,2,0,1,2,2,0,1,3,2,0,1,10,1,0.5,1,1,1,1,1,1,1,2,1,2,8,0,2,0,999.7,0,999.7,1,1,2,1,1,4,1,3,1,4,4,4,1,2,0,0,0,0,0,0,0,0,0,0,0,0,0,0,0,0,4,4,4,3,1,4,4,4,3,4,4,4,4,4,3,4,4,4,4,4,4,2,0,0,0,0,0,0,0,0,0,0,0,0,4,4,2,0,0,0,0,0,0,0,0,0,0,0,0,0,0,0,0,0,0,0,0,0,0,0,0,0,0,0,0,0,0,0,0,0,1,2,2,2,1,2,2,2,2,2,2,2,2,2,1,2,2,2,7,34,39,65,65,1,5,7,0,97,97,97,0,0,7,97,97,97,97,0,0,7,97,97,97,97,2,2,2,0,0,0,0,2,2,0,0,0,0,2,2,0,0,0,0,1,2,1,5,2,2,2,0,1,0,0,0,9997,0,97,97,97,97,52,2,1,3,2,21,8,1,2,55,99.7,1,0,0,0,0,0,0,0,0,0,6,1,1,2,2,55,1,3,1,5,0,2,999.7,0,9797,9797,9797,9797,1,55,1,4,1,50,5,1,1,97,1,1,0,0,1,3,0,2,97,12,4,3,1,2,2,1,1,2,999999.97,0,9,2,1,10,9,1,1,3,0,1,3,12,0,1,0,0,0,9
"44",27253,12,3175.5168,2,1,1,4,2,9797,9797,9797,9797,9797,9797,9797,9797,9797,9797,9797,9797,9797,9797,9797,9797,9797,9797,9797,9797,9797,9797,2,0,1,2.5,1,1,2,0,2,0,2,0,2,0,2,0,2,0,2,0,2,0,2,0,2,0,2,2,1,1,1,2,2,2,1,2,4,0,2,0,999.7,0,999.7,1,1,4,0,0,4,1,1,1,3,3,4,4,2,0,0,0,0,0,0,0,0,0,0,0,0,0,0,0,0,3,4,3,3,1,2,4,4,4,4,4,4,4,1,4,1,4,4,4,1,4,2,0,0,0,0,0,0,0,0,0,0,0,0,4,1,1,0,5,0,0,0,0,0,0,5,0,0,0,0,0,0,0,0,0,0,0,0,0,0,0,0,0,0,2,0,3,2,7,7,0,0,0,0,0,0,0,0,0,0,0,0,0,2,1,1,1,4,6,65,0,0,97,0,0,8,97,97,97,97,0,0,8,97,97,97,97,0,0,8,97,97,97,97,1,2,2,0,0,0,0,2,2,0,0,0,0,2,2,0,0,0,0,2,2,0,0,0,0,1,2,1,0,0,0,9997,0,97,97,97,97,52,1,0,97,12,4,4,2,2,37.5,99.7,1,0,0,0,0,0,0,0,0,0,1,2,2,2,2,37.5,1,1,1,1,0,0,37.5,2,9797,9797,9797,9797,1,3,2,0,2,999.7,4,2,1,97,2,0,1,0,2,8,1,1,5,5,2,1,3,2,2,1,1,1,10,1,5,2,1,7,3,1,1,2,4,6,2,97,0,0,0,0,0,1
"45",22240,10,1389.3914,1,1,2,6,2,9797,9797,9797,9797,9797,9797,9797,9797,9797,9797,9797,9797,9797,9797,9797,9797,9797,9797,9797,9797,9797,9797,2,0,2,0,2,0,2,0,2,0,2,0,2,0,1,3,2,0,1,4,2,0,1,5,2,0,1,2,1,1,2,2,2,2,2,2,3,0,1,2,999.7,1,4,1,1,1,2,7,4,2,2,2,0,0,0,0,2,0,0,0,0,0,0,0,0,0,0,0,0,0,0,0,0,4,4,4,4,1,1,1,1,1,4,1,2,1,1,2,2,2,4,4,3,4,2,0,0,0,0,0,0,0,0,0,0,0,0,2,1,1,0,0,0,0,0,0,0,0,0,0,0,0,0,0,0,0,0,0,0,0,0,0,0,0,0,0,0,0,7,1,7,7,7,0,0,0,0,0,0,0,0,0,0,0,0,0,2,1,2,3,3,5,57,97,97,97,3,3,5,4,97,97,97,0,0,8,97,97,97,97,0,0,8,97,97,97,97,1,1,1,0,0,0,0,2,2,0,0,0,0,1,1,0,0,0,0,1,1,0,0,3,3,1,1,1,0,0,0,9997,0,97,97,97,97,52,1,0,97,6,31,15,1,2,48,99.7,1,0,0,0,0,0,0,0,0,0,1,2,2,2,2,48,1,3,1,5,0,2,999.7,0,9797,9797,9797,9797,1,99.9,1,99.9,2,999.7,9,2,1,97,1,1,0,0,1,9,1,1,5,5,3,5,2,2,2,1,1,1,15.16,1,7,2,1,7,7,1,1,4,2,3,3,15,0,0,2,0,0,3
"46",6218,3,1581.6726,1,1,2,3,2,9797,9797,9797,9797,9797,9797,9797,9797,9797,9797,9797,9797,9797,9797,9797,9797,9797,9797,9797,9797,9797,9797,2,0,1,6,2,0,2,0,1,12,1,2,2,0,1,2,2,0,2,0,2,0,1,6,1,2,2,2,1,1,2,1,1,1,1,1,7,0,2,0,999.7,0,999.7,1,1,1,1,1,2,1,2,2,0,0,0,0,1,2,0,0,2,0,0,0,0,0,0,1,3,4,4,4,1,4,3,3,2,2,0,0,0,0,0,0,4,3,2,4,3,4,4,4,4,4,1,4,4,4,4,4,4,4,4,4,3,4,4,2,1,1,0,0,0,0,0,1,0,0,0,0,0,0,0,0,0,0,0,0,0,0,0,0,0,0,0,0,0,5,0,2,1,1,1,0,0,0,0,0,0,0,0,0,0,0,0,0,2,2,0,0,0,0,97,97,97,97,0,0,0,97,97,97,97,0,0,0,97,97,97,97,0,0,0,97,97,97,97,2,2,2,0,0,0,0,2,2,0,0,0,0,2,2,0,0,0,0,1,1,0,0,0,0,2,0,1,0,0,0,9997,0,97,97,97,97,52,1,0,97,13,13,14,2,2,55,99.7,1,0,0,0,0,0,0,0,0,0,1,2,2,2,2,55,1,10,2,97,0,0,999.7,0,9797,9797,9797,9797,0,99.7,0,99.7,0,999.7,97,2,1,97,1,1,0,0,1,9,1,1,3,3,1,0,4,2,1,1,1,1,29000,7,6,2,1,9,4,2,4,2,8,13,12,97,0,0,0,0,0,0
"47",17917,8,3780.502,2,1,1,6,1,600,2215,975,600,2215,9797,9797,9797,9797,9797,9797,9797,9797,9797,9797,9797,9797,9797,9797,9797,9797,975,1,70,1,14,2,0,2,0,2,0,2,0,1,5,2,0,2,0,2,0,2,0,2,0,2,0,2,2,2,2,2,2,1,1,2,2,2,0,2,0,999.7,0,999.7,1,1,4,0,0,4,3,1,2,0,0,0,0,2,0,0,0,0,0,0,0,0,0,0,0,0,0,0,0,0,4,4,4,3,2,0,0,0,0,0,0,4,4,3,2,4,4,4,4,4,4,2,0,0,0,0,0,0,0,0,0,0,0,0,3,1,2,0,0,0,0,0,0,0,0,0,0,0,0,0,0,0,0,0,0,0,0,0,0,0,0,0,0,0,0,0,0,0,0,0,1,2,2,1,2,2,2,2,2,2,2,2,2,2,2,0,0,0,0,97,97,97,97,0,0,0,97,97,97,97,0,0,0,97,97,97,97,0,0,0,97,97,97,97,2,2,2,0,0,0,0,2,2,0,0,0,0,2,2,0,0,0,0,2,2,0,0,0,0,2,0,5,0,2,2,1987,0,97,97,97,97,97,0,0,97,97,97,97,0,0,99.7,99.7,0,0,0,0,0,0,0,0,0,0,0,0,0,0,0,999.7,0,9,1,3,0,2,999.7,0,9797,9797,9797,9797,1,20,1,3,1,70,10,2,1,97,2,0,1,0,2,8,2,2,97,11,2,5,3,2,2,1,1,4,999999.97,0,1,2,1,9,4,2,1,4,4,6,3,1,2,0,0,0,0,2
"48",1471,1,4642.2181,2,1,1,5,2,9797,9797,9797,9797,9797,9797,9797,9797,9797,9797,9797,9797,9797,9797,9797,9797,9797,9797,9797,9797,9797,9797,2,0,1,7,2,0,2,0,2,0,2,0,2,0,2,0,2,0,2,0,2,0,2,0,2,0,2,2,2,2,2,2,2,2,2,2,0,0,2,0,999.7,0,999.7,1,1,1,2,8,4,1,1,2,0,0,0,0,2,0,0,0,0,0,0,0,0,0,0,0,0,0,0,0,0,4,4,4,3,2,0,0,0,0,0,0,4,4,4,4,4,4,4,4,4,4,1,4,4,4,4,4,4,4,4,4,3,4,4,3,1,2,0,0,0,0,0,0,0,0,0,0,0,0,0,0,0,0,0,0,0,0,0,0,0,0,0,0,0,0,0,0,0,0,0,2,0,0,0,0,0,0,0,0,0,0,0,0,2,2,0,0,0,0,97,97,97,97,0,0,0,97,97,97,97,0,0,0,97,97,97,97,0,0,0,97,97,97,97,2,2,2,0,0,0,0,2,2,0,0,0,0,2,2,0,0,0,0,2,2,0,0,0,0,2,0,1,0,0,0,9997,0,97,97,97,97,52,1,0,97,9,10,12,2,2,37.5,99.7,1,0,0,0,0,0,0,0,0,0,1,2,2,2,2,37.5,1,1,1,1,0,0,50,1,200,1700,9797,9797,1,2,2,0,2,999.7,10,1,1,97,2,0,1,0,2,9,1,1,5,5,2,1,1,2,2,1,1,1,300,3,5,2,1,7,7,2,1,4,4,6,3,18,0,0,1,1,0,3
"49",3804,2,2254.3857,1,2,1,5,1,900,2300,840,1330,2300,9797,9797,9797,9797,9797,9797,9797,9797,9797,9797,9797,9797,9797,9797,9797,9797,570,1,35,1,3,2,0,2,0,2,0,2,0,1,10,2,0,2,0,1,5,2,0,1,1,2,0,1,1,2,2,1,2,2,2,1,2,4,0,2,0,999.7,0,999.7,1,1,1,2,7,1,4,2,2,0,0,0,0,2,0,0,0,0,0,0,0,0,0,0,0,0,0,0,0,0,4,4,4,4,1,3,3,4,4,4,4,4,4,3,1,4,4,4,4,4,4,2,0,0,0,0,0,0,0,0,0,0,0,0,2,1,2,0,0,0,0,0,0,0,0,0,0,0,0,0,0,0,0,0,0,0,0,0,0,0,0,0,0,0,0,0,0,0,0,0,1,2,2,2,2,2,2,2,1,2,2,2,1,2,1,1,1,5,7,99,97,97,97,0,0,7,97,97,97,97,0,0,7,97,97,97,97,0,0,7,97,97,97,97,2,2,2,0,0,0,0,2,2,0,0,0,0,2,2,0,0,0,0,2,2,0,0,0,0,1,1,1,0,0,0,9997,0,97,97,97,97,47,1,0,97,11,17,13,2,2,15,99.7,2,2,2,2,2,2,1,2,2,1,4,2,2,2,1,15,4,6,1,3,0,2,999.7,0,9797,9797,9797,9797,1,5,1,5,1,36,3,2,6,6,3,0,0,1,3,9,1,1,7,7,11,3,1,2,2,6,6,1,8,1,3,2,1,4,5,2,1,3,9,15,3,2,1,0,0,0,0,2
"50",9945,5,4199.1371,1,5,2,6,2,9797,9797,9797,9797,9797,9797,9797,9797,9797,9797,9797,9797,9797,9797,9797,9797,9797,9797,9797,9797,9797,9797,2,0,1,35,2,0,2,0,2,0,2,0,2,0,2,0,1,2,2,0,2,0,1,1,2,0,1,2,2,1,2,2,2,2,2,2,2,0,2,0,999.7,0,999.7,1,1,1,1,1,4,4,1,2,0,0,0,0,2,0,0,0,0,0,0,0,0,0,0,0,0,0,0,0,0,4,4,4,4,2,0,0,0,0,0,0,4,4,3,4,4,4,4,1,4,4,2,0,0,0,0,0,0,0,0,0,0,0,0,5,3,1,0,0,0,0,0,0,0,0,0,0,0,0,0,0,0,0,5,0,0,0,0,0,0,0,0,0,0,5,0,2,1,7,7,0,0,0,0,0,0,0,0,0,0,0,0,0,2,1,1,1,5,1,65,37,97,97,0,0,8,97,97,97,97,0,0,8,97,97,97,97,0,0,8,97,97,97,97,2,2,2,0,0,0,0,2,2,0,0,0,0,2,2,0,0,0,0,1,1,1,5,0,0,1,1,5,0,2,2,1971,0,97,97,97,97,97,0,0,97,97,97,97,0,0,99.7,99.7,0,0,0,0,0,0,0,0,0,0,0,0,0,0,0,999.7,0,9,1,6,0,2,999.7,0,9797,9797,9797,9797,1,35,1,10,2,999.7,10,1,2,97,1,1,0,0,1,7,0,2,97,11,4,1,3,2,2,1,1,4,999999.97,0,4,2,1,7,14,2,1,2,5,8,2,97,0,0,0,0,0,7
"51",22340,10,2664.4079,2,6,3,6,2,9797,9797,9797,9797,9797,9797,9797,9797,9797,9797,9797,9797,9797,9797,9797,9797,9797,9797,9797,9797,9797,9797,2,0,1,6,2,0,2,0,2,0,1,8,2,0,2,0,2,0,1,4,2,0,1,3,2,0,2,2,1,1,2,2,1,2,1,2,4,0,1,1,16,2,999.7,1,1,1,2,7,1,1,1,1,2,2,4,4,1,2,0,0,1,3,4,3,3,4,3,1,4,2,4,3,3,4,3,2,2,1,3,3,4,3,3,3,3,3,3,3,3,4,4,4,4,4,2,0,0,0,0,0,0,0,0,0,0,0,0,3,2,1,0,0,0,0,0,0,0,0,0,0,0,0,0,0,0,0,0,0,0,0,5,2,2,0,0,0,0,0,7,5,3,2,7,0,0,0,0,0,0,0,0,0,0,0,0,0,2,1,1,1,4,2,0,48,47,0,0,0,8,97,97,97,97,0,0,8,97,97,97,97,0,0,8,97,97,97,97,1,2,2,0,0,0,0,2,2,0,0,0,0,2,2,0,0,0,0,2,2,0,0,0,0,1,1,4,2,1,0,9997,0,97,97,97,97,52,1,0,97,10,7,4,1,2,41,99.7,1,0,0,0,0,0,0,0,0,0,4,2,2,2,2,41,1,1,1,1,0,0,41,1,800,1600,9797,9797,2,0,2,0,2,999.7,3,2,1,97,2,0,1,0,2,8,1,1,6,6,2,3,1,2,2,1,1,1,19.02,1,6,2,1,10,4,1,1,2,4,5,2,97,0,0,0,0,0,1
"52",15966,7,2886.7275,1,1,2,5,1,9999,2200,9999,1900,2200,9797,9797,9797,9797,9797,9797,9797,9797,9797,9797,9797,9797,9797,9797,9797,9797,180,1,10,1,5,1,4,2,0,2,0,2,0,2,0,2,0,2,0,2,0,2,0,1,3,2,0,2,1,1,2,1,1,1,1,2,1,7,0,1,2,999.7,1,8,1,1,4,0,0,4,4,2,2,0,0,0,0,2,0,0,0,0,0,0,0,0,0,0,0,0,0,0,0,0,4,4,4,4,2,0,0,0,0,0,0,4,4,4,4,4,4,4,4,4,4,2,0,0,0,0,0,0,0,0,0,0,0,0,1,1,2,0,0,0,0,0,0,0,0,0,0,0,0,0,0,0,0,0,0,0,0,0,0,0,0,0,0,0,0,0,0,0,0,0,1,2,2,2,2,2,2,2,2,2,2,1,2,2,1,1,3,2,7,31,97,97,97,0,0,7,97,97,97,97,0,0,7,97,97,97,97,0,0,7,97,97,97,97,2,2,2,0,0,0,0,2,2,0,0,0,0,2,2,0,0,0,0,2,2,0,0,0,0,2,0,1,0,0,0,9997,0,97,97,97,97,52,1,0,97,9,15,9,2,2,55,99.7,1,0,0,0,0,0,0,0,0,0,1,2,2,2,1,55,1,3,1,5,0,2,999.7,0,9797,9797,9797,9797,1,80,1,5,1,90,11,1,1,97,2,0,1,0,2,9,1,1,6,6,2,1,3,1,2,1,1,1,999999.99,9,99,2,7,99,6,1,1,6,8,12,3,3,1,2,1,0,0,3
"53",7192,4,3680.2252,1,1,1,1,2,9797,9797,9797,9797,9797,9797,9797,9797,9797,9797,9797,9797,9797,9797,9797,9797,9797,9797,9797,9797,9797,9797,2,0,1,9,2,0,2,0,2,0,2,0,2,0,1,5,2,0,2,0,2,0,1,2,2,0,1,2,2,1,1,1,1,2,1,2,6,0,2,0,999.7,0,999.7,1,1,2,1,1,4,4,4,2,0,0,0,0,2,0,0,0,0,0,0,0,0,0,0,0,0,0,0,0,0,4,4,4,4,1,4,4,4,4,4,2,4,4,4,4,4,4,4,4,4,4,2,0,0,0,0,0,0,0,0,0,0,0,0,5,4,2,0,0,0,0,0,0,0,0,0,0,0,0,0,0,0,0,0,0,0,0,0,0,0,0,0,0,0,0,0,0,0,0,0,1,2,2,2,2,2,2,2,2,1,1,2,2,2,2,0,0,0,0,97,97,97,97,0,0,0,97,97,97,97,0,0,0,97,97,97,97,0,0,0,97,97,97,97,2,2,2,0,0,0,0,2,2,0,0,0,0,2,2,0,0,0,0,1,1,0,0,0,0,1,1,6,0,2,2,1981,0,97,97,97,97,97,0,0,97,97,97,97,0,0,99.7,99.7,0,0,0,0,0,0,0,0,0,0,0,0,0,0,0,999.7,0,9,1,6,0,2,999.7,0,9797,9797,9797,9797,1,6,2,0,2,999.7,12,1,2,97,3,0,0,1,1,8,1,2,97,10,8,3,5,1,1,7,7,4,999999.97,0,6,2,1,7,15,1,1,2,9,14,2,97,0,0,0,0,0,6
"54",19664,9,2927.1013,2,6,3,3,2,9797,9797,9797,9797,9797,9797,9797,9797,9797,9797,9797,9797,9797,9797,9797,9797,9797,9797,9797,9797,9797,9797,2,0,1,3,1,2,2,0,2,0,2,0,2,0,2,0,2,0,2,0,2,0,2,0,2,0,1,2,2,1,2,2,2,1,1,2,4,0,2,0,999.7,0,999.7,1,1,1,2,5,4,1,1,2,0,0,0,0,1,2,0,0,1,3,4,3,4,4,3,2,0,0,0,0,0,4,4,4,4,2,0,0,0,0,0,0,4,3,3,3,1,4,4,4,4,4,1,4,4,4,4,4,4,4,4,4,1,4,4,5,5,2,0,0,0,0,0,0,0,0,0,0,0,0,0,0,0,0,0,0,0,0,0,0,0,0,0,0,0,0,0,0,0,0,0,2,0,0,0,0,0,0,0,0,0,0,0,0,2,2,0,0,0,0,97,97,97,97,0,0,0,97,97,97,97,0,0,0,97,97,97,97,0,0,0,97,97,97,97,2,2,2,0,0,0,0,2,2,0,0,0,0,2,2,0,0,0,0,2,2,0,0,0,0,2,0,1,0,0,0,9997,0,97,97,97,97,52,2,1,1,7,14,9,2,2,46,99.7,1,0,0,0,0,0,0,0,0,0,1,1,1,2,2,46,1,1,1,1,0,0,46,1,800,1800,9797,9797,1,22,2,0,2,999.7,4,1,1,97,2,0,1,0,2,8,1,1,6,6,2,3,2,2,2,1,1,2,999999.97,0,99,2,1,8,10,1,1,2,4,6,2,97,0,0,0,0,0,4
"55",6307,3,500.8616,1,1,1,3,2,9797,9797,9797,9797,9797,9797,9797,9797,9797,9797,9797,9797,9797,9797,9797,9797,9797,9797,9797,9797,9797,9797,2,0,1,9,2,0,2,0,2,0,2,0,2,0,2,0,2,0,2,0,2,0,2,0,2,0,3,1,2,1,2,1,2,2,1,1,5,0,2,0,999.7,0,999.7,3,4,4,0,0,4,4,2,2,0,0,0,0,2,0,0,0,0,0,0,0,0,0,0,0,0,0,0,0,0,4,4,4,4,2,0,0,0,0,0,0,4,4,4,4,4,4,4,4,4,4,2,0,0,0,0,0,0,0,0,0,0,0,0,1,1,2,0,0,0,0,0,0,0,0,0,0,0,0,0,0,0,0,0,0,0,0,0,0,0,0,0,0,0,0,0,0,0,0,0,1,2,2,1,2,2,2,2,2,2,2,2,2,2,1,1,3,3,7,20,97,97,97,0,0,7,97,97,97,97,0,0,7,97,97,97,97,0,0,7,97,97,97,97,2,2,2,0,0,0,0,2,2,0,0,0,0,2,2,0,0,0,0,2,2,0,0,0,0,2,0,5,0,2,1,9997,0,20,3,23,15,97,0,0,97,97,97,97,0,0,99.7,99.7,0,0,0,0,0,0,0,0,0,0,0,0,0,0,0,999.7,0,12,2,97,0,0,999.7,0,9797,9797,9797,9797,0,99.7,0,99.7,0,999.7,97,2,1,97,1,1,0,0,1,6,0,2,97,11,4,5,3,2,2,1,1,4,999999.97,0,3,2,7,3,6,2,4,2,0,1,7,15,0,0,1,0,0,0
"56",16879,8,2647.327,1,1,1,6,1,945,2200,735,945,2200,9797,9797,9797,9797,9797,9797,9797,9797,9797,9797,9797,9797,9797,9797,9797,9797,735,1,98,1,11,2,0,2,0,2,0,2,0,2,0,2,0,2,0,2,0,2,0,2,0,2,0,2,2,1,1,2,1,2,2,1,2,4,0,2,0,999.7,0,999.7,1,1,4,0,0,4,1,1,2,0,0,0,0,2,0,0,0,0,0,0,0,0,0,0,0,0,0,0,0,0,4,4,4,4,1,4,4,4,4,3,4,4,4,3,3,4,3,4,4,4,4,2,0,0,0,0,0,0,0,0,0,0,0,0,1,4,1,0,0,0,0,0,0,0,0,0,0,0,0,0,0,0,0,5,0,0,0,0,0,0,0,0,0,0,5,0,2,1,7,7,0,0,0,0,0,0,0,0,0,0,0,0,0,2,1,2,1,5,1,15,37,97,97,2,2,1,37,97,97,97,0,0,8,97,97,97,97,0,0,8,97,97,97,97,2,2,2,0,0,0,0,2,2,0,0,0,0,2,2,0,0,0,0,1,1,0,0,0,0,1,1,5,0,1,0,9997,0,97,97,97,97,32,1,0,97,8,18,15,2,2,6,99.7,2,2,2,2,2,2,2,1,2,2,1,2,2,2,1,6,4,4,1,1,0,0,60,2,9797,9797,9797,9797,2,0,2,0,1,28,9,2,9,5,3,0,0,1,5,9,1,1,8,8,1,0,2,2,2,9,9,1,9,1,3,2,1,5,4,2,1,3,9,15,3,5,0,1,0,0,0,2
"57",209,1,371.3407,1,1,1,4,1,745,2230,885,750,800,9797,9797,9797,9797,9797,9797,9797,9797,9797,9797,9797,9797,9797,9797,9797,9797,10,1,24,1,3,2,0,2,0,2,0,2,0,2,0,1,10,2,0,1,5,2,0,2,0,1,2,2,2,1,1,1,1,1,1,1,1,8,0,1,1,120,2,999.7,1,1,1,2,5,2,1,2,2,0,0,0,0,2,0,0,0,0,0,0,0,0,0,0,0,0,0,0,0,0,3,3,3,3,2,0,0,0,0,0,0,4,4,4,2,3,4,4,4,4,4,2,0,0,0,0,0,0,0,0,0,0,0,0,2,1,2,0,0,0,0,0,0,0,0,0,0,0,0,0,0,0,0,0,0,0,0,0,0,0,0,0,0,0,0,0,0,0,0,0,1,2,2,2,2,2,2,2,2,1,2,2,2,2,1,1,2,2,7,4,97,97,97,0,0,7,97,97,97,97,0,0,7,97,97,97,97,0,0,7,97,97,97,97,2,1,1,0,0,0,0,2,2,0,0,0,0,1,1,0,0,0,0,2,2,0,0,0,0,1,1,4,1,2,1,9997,0,26,11,17,12,97,0,0,97,97,97,97,0,0,99.7,99.7,0,0,0,0,0,0,0,0,0,0,0,0,0,0,0,999.7,0,7,1,1,0,0,36,1,830,1530,9797,9797,1,3,2,0,1,12,3,1,5,4,1,1,0,0,1,9,1,1,3,3,2,1,2,1,2,4,4,4,999999.97,0,4,2,1,7,6,1,1,4,1,2,3,7,0,2,0,0,0,3
"58",22429,10,2498.0727,2,6,1,6,1,810,2300,890,810,2300,9797,9797,9797,9797,9797,9797,9797,9797,9797,9797,9797,9797,9797,9797,9797,9797,890,1,40,1,12,1,8,2,0,1,20,1,10,2,0,2,0,2,0,1,4,2,0,1,8,1,16,2,1,2,2,2,2,2,2,1,2,2,0,2,0,999.7,0,999.7,1,1,1,2,6,1,1,1,2,0,0,0,0,2,0,0,0,0,0,0,0,0,0,0,0,0,0,0,0,0,3,4,4,3,1,1,1,4,4,4,3,4,3,3,3,4,3,4,1,2,4,1,4,4,4,4,1,4,4,4,4,4,4,4,4,1,1,0,0,0,0,0,0,0,0,0,0,0,0,0,0,0,0,5,0,0,0,0,0,0,0,0,0,0,0,0,1,1,7,7,0,0,0,0,0,0,0,0,0,0,0,0,0,2,1,2,1,5,5,2,35,98,97,2,2,1,37,65,97,97,0,0,8,97,97,97,97,0,0,8,97,97,97,97,2,2,2,0,0,0,0,2,2,0,0,0,0,2,2,0,0,0,0,2,2,0,0,0,0,1,2,5,0,2,2,1980,0,97,97,97,97,97,0,0,97,97,97,97,0,0,99.7,99.7,0,0,0,0,0,0,0,0,0,0,0,0,0,0,0,999.7,0,7,1,1,0,0,40,2,9797,9797,9797,9797,1,2,2,0,1,10,3,1,1,97,2,0,1,0,2,8,1,1,5,5,2,1,4,2,1,1,1,4,999999.97,0,1,2,1,9,7,2,1,3,4,6,3,9,0,1,0,0,0,3
"59",12466,6,2028.7028,1,2,1,3,1,600,2115,915,1000,1200,9797,9797,9797,9797,9797,9797,9797,9797,9797,9797,9797,9797,9797,9797,9797,9797,120,1,20,1,3,1,0.5,2,0,2,0,2,0,1,2,1,0.5,2,0,2,0,2,0,1,3,2,0,2,2,1,1,2,2,2,2,1,1,4,0,1,1,12,2,999.7,1,1,1,1,1,2,1,1,2,0,0,0,0,1,2,0,0,2,0,0,0,0,0,0,1,3,4,4,3,4,4,4,3,3,2,0,0,0,0,0,0,4,4,4,3,3,4,4,4,1,4,2,0,0,0,0,0,0,0,0,0,0,0,0,3,4,1,0,0,0,0,0,0,5,0,0,0,0,0,0,0,0,0,0,0,0,0,0,0,0,0,0,0,0,0,0,1,1,7,7,0,0,0,0,0,0,0,0,0,0,0,0,0,2,1,1,3,2,5,35,97,97,97,0,0,8,97,97,97,97,0,0,8,97,97,97,97,0,0,8,97,97,97,97,2,2,2,0,0,0,0,2,2,0,0,0,0,2,2,0,0,0,0,1,1,1,5,0,0,2,0,1,0,0,0,9997,0,97,97,97,97,52,1,0,97,6,8,4,2,2,45,99.7,1,0,0,0,0,0,0,0,0,0,1,2,2,2,1,45,1,1,1,1,0,0,30,2,9797,9797,9797,9797,1,3,2,0,1,20,5,1,1,97,1,1,0,0,1,10,1,1,3,3,3,1,2,2,2,1,1,1,24000,7,6,2,1,7,6,1,1,4,5,7,3,7,0,2,0,0,0,3
"60",27248,12,1311.0657,2,3,2,3,1,700,2010,790,700,800,1730,2010,9797,9797,9797,9797,9797,9797,9797,9797,9797,9797,9797,9797,9797,9797,220,1,10,1,7,2,0,2,0,2,0,2,0,2,0,2,0,2,0,2,0,2,0,2,0,2,0,2,2,2,2,1,2,2,2,1,2,2,0,1,1,27,2,999.7,1,3,1,1,1,4,1,3,2,0,0,0,0,2,0,0,0,0,0,0,0,0,0,0,0,0,0,0,0,0,4,4,4,4,2,0,0,0,0,0,0,4,4,4,4,4,4,4,4,4,4,2,0,0,0,0,0,0,0,0,0,0,0,0,2,1,2,0,0,0,0,0,0,0,0,0,0,0,0,0,0,0,0,0,0,0,0,0,0,0,0,0,0,0,0,0,0,0,0,0,1,2,2,2,1,2,2,2,2,2,2,2,2,2,1,1,3,2,7,47,0,97,97,0,0,7,97,97,97,97,0,0,7,97,97,97,97,0,0,7,97,97,97,97,2,2,2,0,0,0,0,2,2,0,0,0,0,2,2,0,0,0,0,2,2,0,0,0,0,1,1,1,0,0,0,9997,0,97,97,97,97,52,1,0,97,9,10,12,2,2,35.5,99.7,1,0,0,0,0,0,0,0,0,0,1,2,2,2,2,35.5,1,10,2,97,0,0,999.7,0,9797,9797,9797,9797,0,99.7,0,99.7,0,999.7,97,2,1,97,2,0,1,0,2,8,1,1,7,7,2,4,1,2,2,1,1,1,10.52,1,6,2,7,6,5,2,3,3,4,5,7,2,1,1,0,0,0,0
"61",8311,4,807.3073,1,4,2,2,2,9797,9797,9797,9797,9797,9797,9797,9797,9797,9797,9797,9797,9797,9797,9797,9797,9797,9797,9797,9797,9797,9797,2,0,1,4.5,1,10,2,0,2,0,1,1.5,2,0,2,0,1,30,2,0,2,0,1,4,1,2,2,2,1,2,2,2,1,2,2,2,2,0,2,0,999.7,0,999.7,1,2,4,0,0,4,1,1,2,0,0,0,0,2,0,0,0,0,0,0,0,0,0,0,0,0,0,0,0,0,4,4,4,3,2,0,0,0,0,0,0,4,4,4,4,3,4,4,4,1,4,2,0,0,0,0,0,0,0,0,0,0,0,0,3,1,1,0,0,0,0,0,0,0,0,0,0,0,0,0,0,0,0,0,0,0,0,0,5,0,0,0,0,0,0,0,1,1,7,7,0,0,0,0,0,0,0,0,0,0,0,0,0,2,2,0,0,0,0,97,97,97,97,0,0,0,97,97,97,97,0,0,0,97,97,97,97,0,0,0,97,97,97,97,2,2,2,0,0,0,0,2,2,0,0,0,0,1,1,0,0,0,0,1,1,0,0,0,0,1,1,1,0,0,0,9997,0,97,97,97,97,52,1,0,97,3,27,13,2,2,40,99.7,1,0,0,0,0,0,0,0,0,0,4,2,2,2,1,40,1,2,1,1,0,0,20,2,9797,9797,9797,9797,1,28,1,2,2,999.7,9,1,1,97,1,1,0,0,1,7,0,2,97,11,5,4,2,2,2,1,1,1,15.35,1,6,2,1,7,5,1,1,2,2,3,2,97,0,0,0,0,0,2
"62",24860,11,1145.5568,2,1,1,6,2,9797,9797,9797,9797,9797,9797,9797,9797,9797,9797,9797,9797,9797,9797,9797,9797,9797,9797,9797,9797,9797,9797,2,0,1,3,2,0,2,0,2,0,2,0,2,0,2,0,2,0,1,2,2,0,2,0,2,0,1,2,2,1,2,1,1,1,1,3,6,0,2,0,999.7,0,999.7,1,1,1,2,5,4,1,4,2,0,0,0,0,1,2,0,0,1,3,4,4,4,3,3,1,4,3,4,3,3,3,4,4,4,1,3,3,4,4,4,4,4,4,3,3,4,4,4,4,4,4,2,0,0,0,0,0,0,0,0,0,0,0,0,4,4,2,0,0,0,0,0,0,0,0,0,0,0,0,0,0,0,0,0,0,0,0,0,0,0,0,0,0,0,0,0,0,0,0,0,1,2,2,1,2,2,2,2,2,2,2,2,2,1,0,0,0,0,0,97,97,97,97,0,0,0,97,97,97,97,0,0,0,97,97,97,97,0,0,0,97,97,97,97,2,2,2,0,0,0,0,2,2,0,0,0,0,2,2,0,0,0,0,2,2,0,0,0,0,2,0,1,0,0,0,9997,0,97,97,97,97,52,1,0,97,10,6,2,1,2,37,99.7,1,0,0,0,0,0,0,0,0,0,1,2,1,2,2,37,1,10,2,97,0,0,999.7,0,9797,9797,9797,9797,0,99.7,0,99.7,0,999.7,97,2,1,97,2,0,1,0,2,8,1,1,3,3,2,1,3,2,2,1,1,1,999999.99,7,7,1,0,7,9,2,4,1,4,5,1,97,0,0,0,0,0,0
"63",8105,4,2698.8931,2,2,2,6,2,9797,9797,9797,9797,9797,9797,9797,9797,9797,9797,9797,9797,9797,9797,9797,9797,9797,9797,9797,9797,9797,9797,2,0,1,8.5,1,4,2,0,2,0,2,0,2,0,2,0,2,0,2,0,2,0,1,30,2,0,1,1,2,2,2,2,2,2,2,2,2,0,2,0,999.7,0,999.7,1,1,2,2,6,4,1,4,2,0,0,0,0,1,2,0,0,1,3,4,4,3,4,3,1,4,3,4,3,2,3,4,3,4,2,0,0,0,0,0,0,4,4,4,4,4,4,4,4,1,4,2,0,0,0,0,0,0,0,0,0,0,0,0,4,5,1,0,0,0,0,0,0,5,0,0,0,0,0,0,0,0,0,0,0,0,0,0,5,2,0,0,0,0,0,0,3,3,1,7,0,0,0,0,0,0,0,0,0,0,0,0,0,2,1,1,1,5,3,15,48,47,97,0,0,8,97,97,97,97,0,0,8,97,97,97,97,0,0,8,97,97,97,97,2,2,2,0,0,0,0,2,2,0,0,0,0,2,2,0,0,0,0,2,2,0,0,0,0,1,1,1,0,0,0,9997,0,97,97,97,97,52,1,0,97,10,6,2,1,2,50,99.7,1,0,0,0,0,0,0,0,0,0,1,2,1,2,2,50,1,1,1,1,0,0,50,1,830,1600,9797,9797,1,22,2,0,2,999.7,3,1,1,97,2,0,1,0,2,8,1,1,1,1,2,5,2,2,2,1,1,1,1250,4,9,2,1,11,8,1,1,2,4,5,2,97,0,0,0,0,0,4
"64",21372,10,10926.1452,1,1,1,3,1,730,2200,870,0,0,9797,9797,9797,9797,9797,9797,9797,9797,9797,9797,9797,9797,9797,9797,9797,9797,0,1,1,2,0,1,1,2,0,2,0,2,0,2,0,2,0,2,0,1,0.5,2,0,1,12,2,0,1,1,2,2,2,1,1,3,1,2,5,0,1,2,999.7,1,3,1,1,1,1,1,3,1,2,2,0,0,0,0,2,0,0,0,0,0,0,0,0,0,0,0,0,0,0,0,0,4,4,4,4,2,0,0,0,0,0,0,4,4,4,4,4,4,4,4,4,4,2,0,0,0,0,0,0,0,0,0,0,0,0,3,1,2,0,0,0,0,0,0,0,0,0,0,0,0,0,0,0,0,0,0,0,0,0,0,0,0,0,0,0,0,0,0,0,0,0,1,2,2,2,2,2,2,2,2,1,2,2,2,2,1,3,3,3,7,34,4,97,97,3,3,7,34,3,97,97,3,2,7,34,3,97,97,0,0,7,97,97,97,97,1,1,1,0,0,0,0,2,2,0,0,0,0,1,1,0,0,0,0,1,1,0,0,0,0,1,1,1,0,0,0,9997,0,97,97,97,97,52,1,0,97,12,15,9,2,2,41,99.7,1,0,0,0,0,0,0,0,0,0,4,1,1,2,1,41,1,3,1,5,0,2,999.7,0,9797,9797,9797,9797,1,35,1,2,1,5,10,1,9,5,3,0,0,1,1,9,1,2,97,10,8,3,3,1,2,9,9,1,44000,7,8,2,7,8,8,1,1,6,5,7,3,8,0,1,2,0,0,3
"65",21910,10,1908.8378,1,6,2,1,2,9797,9797,9797,9797,9797,9797,9797,9797,9797,9797,9797,9797,9797,9797,9797,9797,9797,9797,9797,9797,9797,9797,2,0,1,5,1,2,2,0,2,0,1,99.9,2,0,2,0,2,0,2,0,2,0,2,0,2,0,2,2,2,2,2,2,2,2,2,2,0,0,1,2,999.7,1,2,1,1,3,2,6,4,1,1,2,0,0,0,0,1,2,0,0,2,0,0,0,0,0,0,1,4,4,4,2,4,4,4,4,2,2,0,0,0,0,0,0,4,3,4,1,4,4,4,4,4,4,2,0,0,0,0,0,0,0,0,0,0,0,0,5,2,1,2,0,0,0,0,0,0,0,0,0,0,0,0,0,0,0,0,0,0,0,0,5,0,0,0,0,0,2,0,3,2,1,7,0,0,0,0,0,0,0,0,0,0,0,0,0,2,2,0,0,0,0,97,97,97,97,0,0,0,97,97,97,97,0,0,0,97,97,97,97,0,0,0,97,97,97,97,1,2,2,0,0,0,0,2,2,0,0,0,0,2,2,0,0,0,0,2,2,0,0,0,0,2,0,1,0,0,0,9997,0,97,97,97,97,52,1,0,97,13,11,12,1,2,36.5,99.7,1,0,0,0,0,0,0,0,0,0,1,2,2,2,2,36.5,1,99,1,1,0,0,999.9,1,9999,9999,9999,9999,1,99.9,2,0,2,999.7,9,1,1,97,1,1,0,0,1,8,2,1,9,9,4,3,2,2,2,7,1,1,30000,7,7,2,1,8,9,1,1,3,6,9,3,20,0,0,0,1,0,4
"66",6576,3,2048.821,1,3,1,2,2,9797,9797,9797,9797,9797,9797,9797,9797,9797,9797,9797,9797,9797,9797,9797,9797,9797,9797,9797,9797,9797,9797,2,0,1,4,2,0,2,0,2,0,1,1.5,1,12,2,0,2,0,1,1,2,0,2,0,2,0,2,2,1,2,2,2,1,2,1,1,4,0,2,0,999.7,0,999.7,1,1,1,1,1,4,1,1,2,0,0,0,0,2,0,0,0,0,0,0,0,0,0,0,0,0,0,0,0,0,4,4,2,2,2,0,0,0,0,0,0,4,4,4,4,3,4,3,4,4,4,1,4,4,4,4,4,4,4,4,4,3,4,4,4,1,1,0,0,2,0,0,0,0,0,0,0,0,0,0,0,0,0,0,0,0,0,0,0,0,0,0,0,0,0,0,2,2,2,7,0,0,0,0,0,0,0,0,0,0,0,0,0,2,2,0,0,0,0,97,97,97,97,0,0,0,97,97,97,97,0,0,0,97,97,97,97,0,0,0,97,97,97,97,1,1,1,0,0,0,0,2,2,0,0,0,0,1,1,0,0,0,0,1,1,0,0,0,0,1,1,1,0,0,0,9997,0,97,97,97,97,52,2,1,2,10,8,4,2,2,30,99.7,1,0,0,0,0,0,0,0,0,0,1,1,2,2,2,30,1,10,2,97,0,0,999.7,0,9797,9797,9797,9797,0,99.7,0,99.7,0,999.7,97,2,6,2,1,1,0,0,1,7,0,2,97,11,11,5,1,2,2,6,4,2,999999.97,0,4,2,1,6,3,1,4,2,8,13,12,97,0,0,0,0,0,0
"67",2982,2,2491.5445,2,2,3,6,2,9797,9797,9797,9797,9797,9797,9797,9797,9797,9797,9797,9797,9797,9797,9797,9797,9797,9797,9797,9797,9797,9797,2,0,1,30,2,0,2,0,2,0,2,0,2,0,1,5,2,0,2,0,2,0,2,0,2,0,1,1,1,1,2,2,1,2,1,1,7,0,2,0,999.7,0,999.7,1,1,1,2,5,4,1,1,2,0,0,0,0,2,0,0,0,0,0,0,0,0,0,0,0,0,0,0,0,0,4,4,4,4,2,0,0,0,0,0,0,4,4,4,4,4,4,4,4,4,4,2,0,0,0,0,0,0,0,0,0,0,0,0,3,1,1,0,0,0,0,0,0,0,0,0,0,0,0,0,0,0,0,0,0,0,0,0,0,0,0,0,2,0,0,0,1,1,1,7,0,0,0,0,0,0,0,0,0,0,0,0,0,2,2,0,0,0,0,97,97,97,97,0,0,0,97,97,97,97,0,0,0,97,97,97,97,0,0,0,97,97,97,97,2,2,2,0,0,0,0,2,2,0,0,0,0,2,2,0,0,0,0,2,2,0,0,0,0,2,0,1,0,0,0,9997,0,97,97,97,97,52,1,0,97,11,18,14,2,2,40,99.7,1,0,0,0,0,0,0,0,0,0,1,2,2,2,2,40,1,1,1,1,0,0,40,1,1900,2330,9797,9797,2,0,2,0,2,999.7,11,9,99,99,9,9,9,9,9,99,9,9,99,99,99,9,9,9,9,99,99,1,999999.99,9,99,2,9,99,7,2,1,3,4,5,3,19,0,0,0,1,0,4
"68",15421,7,350.8723,1,6,3,2,2,9797,9797,9797,9797,9797,9797,9797,9797,9797,9797,9797,9797,9797,9797,9797,9797,9797,9797,9797,9797,9797,9797,2,0,1,99.9,1,99.9,2,0,2,0,2,0,2,0,2,0,2,0,2,0,2,0,2,0,2,0,2,1,2,2,2,2,2,2,2,2,1,0,2,0,999.7,0,999.7,4,4,4,0,0,4,4,4,2,0,0,0,0,2,0,0,0,0,0,0,0,0,0,0,0,0,0,0,0,0,4,4,4,4,2,0,0,0,0,0,0,4,4,4,4,4,4,4,4,4,4,2,0,0,0,0,0,0,0,0,0,0,0,0,5,5,2,0,0,0,0,0,0,0,0,0,0,0,0,0,0,0,0,0,0,0,0,0,0,0,0,0,0,0,0,0,0,0,0,0,1,2,2,2,2,2,2,2,2,2,1,1,2,1,0,0,0,0,0,97,97,97,97,0,0,0,97,97,97,97,0,0,0,97,97,97,97,0,0,0,97,97,97,97,2,2,2,0,0,0,0,2,2,0,0,0,0,2,2,0,0,0,0,2,2,0,0,0,0,2,0,6,0,2,2,9997,1,97,97,97,97,97,0,0,97,97,97,97,0,0,99.7,99.7,0,0,0,0,0,0,0,0,0,0,0,0,0,0,0,999.7,0,12,2,97,0,0,999.7,0,9797,9797,9797,9797,0,99.7,0,99.7,0,999.7,97,2,1,97,5,1,0,1,1,1,0,0,97,13,7,1,4,1,2,7,1,4,999999.97,0,3,1,0,3,15,2,2,1,7,11,1,97,0,0,0,0,0,0
"69",8109,4,3088.8893,2,3,1,6,2,9797,9797,9797,9797,9797,9797,9797,9797,9797,9797,9797,9797,9797,9797,9797,9797,9797,9797,9797,9797,9797,9797,2,0,1,10,2,0,2,0,2,0,2,0,2,0,2,0,2,0,2,0,2,0,2,0,2,0,2,2,2,1,2,2,2,2,1,2,2,0,1,1,60,2,999.7,3,1,3,1,1,2,1,1,2,0,0,0,0,2,0,0,0,0,0,0,0,0,0,0,0,0,0,0,0,0,4,4,4,3,2,0,0,0,0,0,0,4,4,3,4,3,4,4,4,4,4,2,0,0,0,0,0,0,0,0,0,0,0,0,3,1,1,0,0,0,0,0,0,0,0,0,0,0,0,0,0,0,0,0,0,0,0,0,0,0,0,0,0,0,0,7,1,7,7,7,0,0,0,0,0,0,0,0,0,0,0,0,0,2,2,0,0,0,0,97,97,97,97,0,0,0,97,97,97,97,0,0,0,97,97,97,97,0,0,0,97,97,97,97,2,2,2,0,0,0,0,2,2,0,0,0,0,2,2,0,0,0,0,2,2,0,0,0,0,2,0,4,1,2,1,9997,0,16,8,14,12,97,0,0,97,97,97,97,0,0,99.7,99.7,0,0,0,0,0,0,0,0,0,0,0,0,0,0,0,999.7,0,7,1,1,0,0,40,2,9797,9797,9797,9797,1,10,2,0,2,999.7,3,2,1,97,2,0,1,0,2,9,1,1,6,6,2,3,2,2,2,1,4,4,999999.97,0,2,2,1,6,3,2,1,2,4,5,2,97,0,0,0,0,0,2
"70",8606,4,2985.8525,1,2,2,3,1,830,2145,795,830,945,1600,1730,2045,2145,9797,9797,9797,9797,9797,9797,9797,9797,9797,9797,9797,9797,225,1,48,1,7,1,6,2,0,2,0,2,0,1,12,2,0,2,0,2,0,1,1.5,1,6,1,1.5,2,1,1,1,2,1,1,2,1,2,6,0,1,2,999.7,1,4,1,1,3,2,7,3,1,1,1,3,4,4,4,2,0,0,0,0,0,0,0,0,0,0,0,0,0,0,0,0,4,3,4,4,2,0,0,0,0,0,0,4,3,3,3,3,3,4,4,4,4,1,4,4,4,4,4,4,4,4,4,1,4,4,4,4,1,0,0,0,0,0,0,2,0,0,0,0,0,0,0,0,0,2,0,0,0,0,0,0,0,0,0,0,0,0,2,2,2,7,0,0,0,0,0,0,0,0,0,0,0,0,0,2,1,1,3,2,1,37,97,97,97,0,0,8,97,97,97,97,0,0,8,97,97,97,97,0,0,8,97,97,97,97,2,2,2,0,0,0,0,2,2,0,0,0,0,2,2,0,0,0,0,2,2,0,0,0,0,1,1,1,0,0,0,9997,0,97,97,97,97,52,1,0,97,9,1,3,2,2,55,99.7,1,0,0,0,0,0,0,0,0,0,1,2,1,2,2,55,1,1,1,1,0,0,43,2,9797,9797,9797,9797,1,21,2,0,1,48,3,2,9,6,3,0,0,1,3,9,1,1,1,1,10,2,1,2,2,9,9,1,51000,7,8,2,1,10,6,1,1,4,5,8,3,4,1,1,0,0,0,2
"71",15158,7,1862.8012,1,5,2,3,2,9797,9797,9797,9797,9797,9797,9797,9797,9797,9797,9797,9797,9797,9797,9797,9797,9797,9797,9797,9797,9797,9797,2,0,1,12,1,1,1,2,2,0,2,0,2,0,2,0,2,0,2,0,2,0,2,0,1,7,2,2,2,2,2,1,2,2,2,2,1,0,2,0,999.7,0,999.7,1,1,1,1,1,1,1,4,2,0,0,0,0,2,0,0,0,0,0,0,0,0,0,0,0,0,0,0,0,0,4,3,4,4,2,0,0,0,0,0,0,4,2,4,3,3,4,3,1,2,4,2,0,0,0,0,0,0,0,0,0,0,0,0,4,1,2,0,0,0,0,0,0,0,0,0,0,0,0,0,0,0,0,0,0,0,0,0,0,0,0,0,0,0,0,0,0,0,0,0,1,2,2,2,2,2,2,2,2,1,2,2,2,1,0,0,0,0,0,97,97,97,97,0,0,0,97,97,97,97,0,0,0,97,97,97,97,0,0,0,97,97,97,97,2,2,2,0,0,0,0,2,2,0,0,0,0,2,2,0,0,0,0,2,2,0,0,0,0,1,1,6,0,2,2,1981,0,97,97,97,97,97,0,0,97,97,97,97,0,0,99.7,99.7,0,0,0,0,0,0,0,0,0,0,0,0,0,0,0,999.7,0,12,2,97,0,0,999.7,0,9797,9797,9797,9797,0,99.7,0,99.7,0,999.7,97,1,7,9,1,1,0,0,1,9,1,1,6,6,4,3,4,1,1,7,7,4,999999.97,0,4,1,0,4,13,2,3,1,5,7,1,97,0,0,0,0,0,0
"72",11103,5,319.3522,1,6,3,2,2,9797,9797,9797,9797,9797,9797,9797,9797,9797,9797,9797,9797,9797,9797,9797,9797,9797,9797,9797,9797,9797,9797,2,0,1,4.5,1,2,1,5,2,0,2,0,1,7,2,0,2,0,2,0,2,0,2,0,2,0,2,2,2,1,1,2,1,1,1,2,5,0,2,0,999.7,0,999.7,1,1,1,1,1,1,1,4,2,0,0,0,0,2,0,0,0,0,0,0,0,0,0,0,0,0,0,0,0,0,4,4,4,4,2,0,0,0,0,0,0,4,4,4,4,3,4,4,4,4,4,1,4,4,4,4,4,4,4,4,4,3,4,4,4,4,2,0,0,0,0,0,0,0,0,0,0,0,0,0,0,0,0,0,0,0,0,0,0,0,0,0,0,0,0,0,0,0,0,0,1,2,2,1,2,2,2,2,2,2,1,2,2,2,1,1,1,5,7,20,97,97,97,0,0,7,97,97,97,97,0,0,7,97,97,97,97,0,0,7,97,97,97,97,2,2,2,0,0,0,0,2,2,0,0,0,0,1,2,1,5,0,0,1,1,0,0,1,5,2,0,6,0,2,2,1974,0,97,97,97,97,97,0,0,97,97,97,97,0,0,99.7,99.7,0,0,0,0,0,0,0,0,0,0,0,0,0,0,0,999.7,0,9,1,6,0,2,999.7,0,9797,9797,9797,9797,2,0,1,15,2,999.7,10,1,1,97,1,1,0,0,1,7,0,1,8,8,2,1,1,2,2,1,1,4,999999.97,0,3,2,1,7,12,2,1,2,1,2,2,97,0,0,0,0,0,6
"73",3959,2,12179.1243,1,2,2,4,2,9797,9797,9797,9797,9797,9797,9797,9797,9797,9797,9797,9797,9797,9797,9797,9797,9797,9797,9797,9797,9797,9797,2,0,2,0,2,0,2,0,2,0,2,0,2,0,2,0,2,0,2,0,2,0,2,0,2,0,1,2,1,1,1,1,1,1,1,2,8,0,1,1,100,2,999.7,4,4,4,0,0,4,4,1,2,0,0,0,0,2,0,0,0,0,0,0,0,0,0,0,0,0,0,0,0,0,4,4,4,4,2,0,0,0,0,0,0,4,4,4,4,4,4,4,4,4,4,2,0,0,0,0,0,0,0,0,0,0,0,0,6,1,2,0,0,0,0,0,0,0,0,0,0,0,0,0,0,0,0,0,0,0,0,0,0,0,0,0,0,0,0,0,0,0,0,0,2,0,0,0,0,0,0,0,0,0,0,0,0,2,2,0,0,0,0,97,97,97,97,0,0,0,97,97,97,97,0,0,0,97,97,97,97,0,0,0,97,97,97,97,2,2,2,0,0,0,0,2,2,0,0,0,0,2,2,0,0,0,0,2,2,0,0,0,0,1,2,1,0,0,0,9997,0,97,97,97,97,52,1,0,97,6,31,15,1,2,40,99.7,1,0,0,0,0,0,0,0,0,0,2,2,2,1,2,40,1,3,1,5,0,2,999.7,0,9797,9797,9797,9797,1,20,2,0,2,999.7,12,2,1,97,1,1,0,0,1,5,0,2,97,12,1,0,4,2,1,7,7,1,19000,7,5,2,9,99,9,1,1,5,5,8,3,24,0,0,0,1,2,4
"74",12512,6,4944.9589,1,3,3,2,2,9797,9797,9797,9797,9797,9797,9797,9797,9797,9797,9797,9797,9797,9797,9797,9797,9797,9797,9797,9797,9797,9797,2,0,1,20,1,5,2,0,2,0,2,0,2,0,2,0,2,0,2,0,2,0,1,4,1,15,2,1,2,2,2,2,2,2,2,2,1,0,2,0,999.7,0,999.7,1,3,4,0,0,4,1,2,2,0,0,0,0,2,0,0,0,0,0,0,0,0,0,0,0,0,0,0,0,0,4,4,4,4,2,0,0,0,0,0,0,4,4,4,1,4,4,4,1,4,4,2,0,0,0,0,0,0,0,0,0,0,0,0,4,2,2,0,0,0,0,0,0,0,0,0,0,0,0,0,0,0,0,0,0,0,0,0,0,0,0,0,0,0,0,0,0,0,0,0,1,2,2,1,2,2,2,2,2,2,2,2,2,2,1,1,2,4,7,65,97,97,97,0,0,7,97,97,97,97,0,0,7,97,97,97,97,0,0,7,97,97,97,97,2,2,2,0,0,0,0,2,2,0,0,0,0,2,2,0,0,0,0,1,1,1,5,0,0,1,2,5,0,1,0,9997,0,97,97,97,97,52,1,0,97,13,19,15,2,2,11,99.7,2,2,2,2,2,2,2,1,2,2,1,1,2,2,2,11,2,4,1,1,0,0,40,2,9797,9797,9797,9797,2,0,2,0,2,999.7,11,1,7,2,3,0,0,1,1,7,0,2,97,11,3,1,2,2,2,7,7,1,8.79,1,3,2,3,98,8,2,1,5,5,7,3,18,0,0,1,2,0,4
"75",3405,2,504.6965,1,6,2,6,2,9797,9797,9797,9797,9797,9797,9797,9797,9797,9797,9797,9797,9797,9797,9797,9797,9797,9797,9797,9797,9797,9797,2,0,1,7,2,0,2,0,2,0,2,0,2,0,2,0,2,0,2,0,2,0,2,0,2,0,2,2,2,2,2,2,2,2,2,2,0,0,2,0,999.7,0,999.7,1,4,4,0,0,4,4,4,2,0,0,0,0,2,0,0,0,0,0,0,0,0,0,0,0,0,0,0,0,0,4,4,4,4,2,0,0,0,0,0,0,4,4,4,4,4,4,4,4,3,4,2,0,0,0,0,0,0,0,0,0,0,0,0,6,1,2,0,0,0,0,0,0,0,0,0,0,0,0,0,0,0,0,0,0,0,0,0,0,0,0,0,0,0,0,0,0,0,0,0,1,2,2,1,2,2,2,2,2,2,1,2,2,1,0,0,0,0,0,97,97,97,97,0,0,0,97,97,97,97,0,0,0,97,97,97,97,0,0,0,97,97,97,97,2,2,2,0,0,0,0,2,2,0,0,0,0,2,2,0,0,0,0,2,2,0,0,0,0,2,0,6,0,2,2,9997,1,97,97,97,97,97,0,0,97,97,97,97,0,0,99.7,99.7,0,0,0,0,0,0,0,0,0,0,0,0,0,0,0,999.7,0,12,2,97,0,0,999.7,0,9797,9797,9797,9797,0,99.7,0,99.7,0,999.7,97,1,2,97,1,1,0,0,1,2,0,2,97,12,99,9,3,1,2,1,1,4,999999.97,0,99,1,0,99,15,2,2,1,7,10,1,97,0,0,0,0,0,0
"76",3786,2,1828.186,1,4,2,1,2,9797,9797,9797,9797,9797,9797,9797,9797,9797,9797,9797,9797,9797,9797,9797,9797,9797,9797,9797,9797,9797,9797,2,0,1,2,2,0,2,0,2,0,2,0,2,0,1,10,2,0,2,0,2,0,2,0,2,0,2,2,2,2,1,2,2,2,2,2,1,0,1,2,999.7,1,40,1,1,1,1,1,4,1,2,2,0,0,0,0,1,2,0,0,2,0,0,0,0,0,0,1,3,3,4,4,3,4,3,3,1,1,3,1,3,3,3,2,4,1,2,2,3,4,4,4,4,4,2,0,0,0,0,0,0,0,0,0,0,0,0,2,1,1,0,0,0,0,0,0,0,0,0,0,5,0,0,0,0,5,0,5,0,5,0,0,0,0,0,0,0,0,0,4,4,7,7,0,0,0,0,0,0,0,0,0,0,0,0,0,2,1,1,8,5,5,0,47,48,97,0,0,8,97,97,97,97,0,0,8,97,97,97,97,0,0,8,97,97,97,97,2,2,2,0,0,0,0,2,2,0,0,0,0,2,2,0,0,0,0,1,2,8,5,0,0,1,1,2,0,0,0,9997,0,97,97,97,97,52,1,0,97,6,31,4,1,2,35,99.7,1,0,0,0,0,0,0,0,0,0,4,1,2,1,1,35,1,10,2,97,0,0,999.7,0,9797,9797,9797,9797,0,99.7,0,99.7,0,999.7,97,1,1,97,1,1,0,0,1,9,1,1,7,7,1,0,2,2,2,1,1,1,26000,7,6,2,1,11,4,1,4,2,9,15,12,97,0,0,0,0,0,0
"77",20431,9,788.8597,1,1,2,2,2,9797,9797,9797,9797,9797,9797,9797,9797,9797,9797,9797,9797,9797,9797,9797,9797,9797,9797,9797,9797,9797,9797,2,0,2,0,1,2.5,2,0,2,0,2,0,2,0,1,14,2,0,2,0,2,0,2,0,2,0,2,2,1,2,2,2,2,2,2,2,1,0,2,0,999.7,0,999.7,1,4,4,0,0,4,1,2,2,0,0,0,0,2,0,0,0,0,0,0,0,0,0,0,0,0,0,0,0,0,4,4,4,4,2,0,0,0,0,0,0,4,4,4,3,3,4,1,4,4,4,2,0,0,0,0,0,0,0,0,0,0,0,0,6,1,1,0,0,0,0,0,0,0,0,0,0,0,0,0,0,1,0,0,0,0,0,0,0,0,0,0,0,0,0,0,1,1,1,1,0,0,0,0,0,0,0,0,0,0,0,0,0,2,2,0,0,0,0,97,97,97,97,0,0,0,97,97,97,97,0,0,0,97,97,97,97,0,0,0,97,97,97,97,2,2,2,0,0,0,0,2,2,0,0,0,0,2,2,0,0,0,0,2,2,0,0,0,0,1,1,1,0,0,0,9997,0,97,97,97,97,52,1,0,97,8,14,12,2,2,40,99.7,1,0,0,0,0,0,0,0,0,0,1,2,2,2,1,40,1,10,2,97,0,0,999.7,0,9797,9797,9797,9797,0,99.7,0,99.7,0,999.7,97,1,1,97,1,1,0,0,1,9,1,2,97,10,7,5,3,2,2,1,1,1,7,1,5,2,1,98,5,1,4,2,2,3,11,97,0,0,0,0,0,0
"78",26698,12,493.1003,1,1,1,2,1,645,2300,975,715,805,1500,2300,9797,9797,9797,9797,9797,9797,9797,9797,9797,9797,9797,9797,9797,9797,530,1,82,1,42,2,0,2,0,2,0,2,0,1,3,1,2,2,0,2,0,2,0,1,44,2,0,1,2,1,1,1,1,1,1,1,1,9,0,2,0,999.7,0,999.7,1,1,1,2,8,4,1,1,2,0,0,0,0,2,0,0,0,0,0,0,0,0,0,0,0,0,0,0,0,0,4,4,4,4,2,0,0,0,0,0,0,4,4,4,4,4,4,4,1,4,4,2,0,0,0,0,0,0,0,0,0,0,0,0,3,2,2,0,0,0,0,0,0,0,0,0,0,0,0,0,0,0,0,0,0,0,0,0,0,0,0,0,0,0,0,0,0,0,0,0,1,2,2,2,1,2,2,2,2,2,2,2,2,2,1,3,2,3,7,31,97,97,97,3,3,7,31,97,97,97,2,2,7,31,97,97,97,0,0,7,97,97,97,97,1,1,2,2,3,3,3,2,2,0,0,0,0,1,1,0,0,1,5,1,1,0,0,1,5,2,0,5,0,1,0,9997,0,97,97,97,97,8,1,0,97,10,6,4,2,2,25,99.7,2,2,2,2,2,2,1,2,2,2,4,1,2,2,1,25,4,6,1,3,0,2,999.7,0,9797,9797,9797,9797,1,2,2,0,1,40,10,1,1,97,1,1,0,0,1,8,1,1,9,9,2,1,3,2,2,1,1,1,8.5,1,2,2,1,4,6,2,1,5,0,1,3,8,0,1,2,0,0,3
"79",15036,7,5690.4768,1,1,1,2,2,9797,9797,9797,9797,9797,9797,9797,9797,9797,9797,9797,9797,9797,9797,9797,9797,9797,9797,9797,9797,9797,9797,1,0,1,40,1,5,2,0,2,0,2,0,2,0,1,12,1,20,2,0,2,0,2,0,2,0,2,2,2,2,2,1,2,2,2,2,1,0,1,1,100,2,999.7,4,4,4,0,0,4,1,1,1,3,4,4,4,1,2,0,0,2,0,0,0,0,0,0,1,4,4,4,4,3,4,4,3,1,2,0,0,0,0,0,0,4,2,3,2,1,4,1,1,4,4,1,3,4,4,3,4,4,4,4,4,4,4,4,1,1,1,0,1,1,0,0,1,0,0,1,0,0,0,0,0,0,0,0,0,0,0,0,0,0,0,0,0,0,0,0,5,5,5,5,0,0,0,0,0,0,0,0,0,0,0,0,0,2,2,0,0,0,0,97,97,97,97,0,0,0,97,97,97,97,0,0,0,97,97,97,97,0,0,0,97,97,97,97,2,1,2,5,5,0,0,2,2,0,0,0,0,1,2,5,5,0,0,1,2,5,5,4,5,1,1,1,0,0,0,9997,0,97,97,97,97,52,2,2,97,12,4,4,2,2,18,99.7,2,2,2,2,2,1,2,2,2,2,2,2,1,2,2,18,2,11,2,97,0,0,999.7,0,9797,9797,9797,9797,0,99.7,0,99.7,0,999.7,97,1,7,2,1,1,0,0,1,7,0,2,97,11,1,0,1,2,2,7,7,2,999999.97,0,3,2,1,98,1,1,4,4,5,8,10,97,0,0,0,0,0,0
"80",1746,1,310.1826,1,2,1,3,2,9797,9797,9797,9797,9797,9797,9797,9797,9797,9797,9797,9797,9797,9797,9797,9797,9797,9797,9797,9797,9797,9797,2,0,1,5,2,0,2,0,1,3,2,0,1,6,1,7,2,0,2,0,2,0,2,0,2,0,1,2,1,1,2,2,2,2,2,2,3,0,1,1,5,1,3,2,1,1,2,8,4,1,1,1,3,4,4,4,2,0,0,0,0,0,0,0,0,0,0,0,0,0,0,0,0,4,4,4,2,1,3,4,4,4,4,3,4,4,4,4,3,3,4,2,4,4,2,0,0,0,0,0,0,0,0,0,0,0,0,2,1,1,0,0,0,0,0,0,0,0,0,0,0,0,0,0,0,0,0,0,0,0,0,0,0,0,0,0,0,0,7,1,7,7,7,0,0,0,0,0,0,0,0,0,0,0,0,0,2,1,1,1,5,5,4,97,97,97,0,0,8,97,97,97,97,0,0,8,97,97,97,97,0,0,8,97,97,97,97,1,2,2,0,0,0,0,2,2,0,0,0,0,2,2,0,0,0,0,1,1,0,0,1,5,1,1,1,0,0,0,9997,0,97,97,97,97,52,1,0,97,13,7,2,1,1,20,22,1,0,0,0,0,0,0,0,0,0,1,1,2,2,2,42,1,1,1,1,0,0,40,1,830,1630,9797,9797,1,6.5,1,2,2,999.7,3,1,1,97,1,1,0,0,1,9,1,1,3,3,2,1,1,2,2,1,1,1,999999.99,9,7,2,1,10,4,2,1,2,1,2,2,97,0,0,0,0,0,2
"81",22484,10,2769.4754,1,5,2,2,2,9797,9797,9797,9797,9797,9797,9797,9797,9797,9797,9797,9797,9797,9797,9797,9797,9797,9797,9797,9797,9797,9797,2,0,1,7,2,0,2,0,2,0,2,0,2,0,2,0,2,0,2,0,2,0,2,0,2,0,3,3,3,3,3,3,3,3,3,3,0,0,2,0,999.7,0,999.7,1,4,4,0,0,4,4,4,2,0,0,0,0,2,0,0,0,0,0,0,0,0,0,0,0,0,0,0,0,0,4,4,4,4,2,0,0,0,0,0,0,4,4,4,4,4,4,4,4,4,4,2,0,0,0,0,0,0,0,0,0,0,0,0,5,1,2,0,0,0,0,0,0,0,0,0,0,0,0,0,0,0,0,0,0,0,0,0,0,0,0,0,0,0,0,0,0,0,0,0,1,2,2,1,2,2,2,2,2,1,2,2,2,1,0,0,0,0,0,97,97,97,97,0,0,0,97,97,97,97,0,0,0,97,97,97,97,0,0,0,97,97,97,97,2,2,2,0,0,0,0,2,2,0,0,0,0,2,2,0,0,0,0,2,2,0,0,0,0,1,1,6,0,9,9,9999,9,99,99,99,99,99,9,9,99,99,99,99,9,9,99.9,99.9,9,9,9,9,9,9,9,9,9,9,9,9,9,9,9,999.9,9,99,2,97,0,0,999.7,0,9797,9797,9797,9797,0,99.7,0,99.7,0,999.7,97,2,1,97,1,1,0,0,1,5,0,2,97,12,2,2,5,1,2,2,2,5,999999.99,9,99,1,0,99,13,1,2,1,5,7,1,97,0,0,0,0,0,0
"82",20050,9,1307.6314,1,5,3,1,2,9797,9797,9797,9797,9797,9797,9797,9797,9797,9797,9797,9797,9797,9797,9797,9797,9797,9797,9797,9797,9797,9797,2,0,1,14,1,5,2,0,1,12,1,3,2,0,1,36,2,0,1,20,2,0,1,20,2,0,2,2,2,2,1,1,2,1,1,2,4,0,2,0,999.7,0,999.7,3,2,1,1,1,4,1,2,2,0,0,0,0,2,0,0,0,0,0,0,0,0,0,0,0,0,0,0,0,0,4,4,4,4,2,0,0,0,0,0,0,4,4,4,1,1,4,4,4,4,2,2,0,0,0,0,0,0,0,0,0,0,0,0,5,5,2,0,0,0,0,0,0,0,0,0,0,0,0,0,0,0,0,0,0,0,0,0,0,0,0,0,0,0,0,0,0,0,0,0,1,2,2,2,1,2,2,2,2,2,2,2,2,2,2,0,0,0,0,97,97,97,97,0,0,0,97,97,97,97,0,0,0,97,97,97,97,0,0,0,97,97,97,97,2,2,2,0,0,0,0,1,1,0,0,0,0,1,1,0,0,0,0,1,1,0,0,0,0,1,1,1,0,0,0,9997,0,97,97,97,97,52,1,0,97,5,13,14,2,1,40,10,1,0,0,0,0,0,0,0,0,0,1,2,2,2,1,50,1,10,2,97,0,0,999.7,0,9797,9797,9797,9797,0,99.7,0,99.7,0,999.7,97,1,2,97,1,1,0,0,1,9,1,1,5,5,7,3,2,2,1,1,1,1,12,1,6,2,2,7,7,2,3,3,3,4,12,97,0,0,0,0,0,0
"83",26231,12,836.7031,1,6,3,1,2,9797,9797,9797,9797,9797,9797,9797,9797,9797,9797,9797,9797,9797,9797,9797,9797,9797,9797,9797,9797,9797,9797,2,0,1,1,2,0,1,3,2,0,2,0,2,0,2,0,2,0,2,0,2,0,2,0,2,0,3,3,3,3,3,3,3,3,3,3,0,0,2,0,999.7,0,999.7,4,4,4,0,0,4,1,4,2,0,0,0,0,2,0,0,0,0,0,0,0,0,0,0,0,0,0,0,0,0,4,4,4,4,2,0,0,0,0,0,0,4,4,4,4,4,4,4,4,4,4,2,0,0,0,0,0,0,0,0,0,0,0,0,1,6,2,0,0,0,0,0,0,0,0,0,0,0,0,0,0,0,0,0,0,0,0,0,0,0,0,0,0,0,0,0,0,0,0,0,1,2,2,2,2,2,2,2,2,1,1,2,2,1,0,0,0,0,0,97,97,97,97,0,0,0,97,97,97,97,0,0,0,97,97,97,97,0,0,0,97,97,97,97,2,2,2,0,0,0,0,2,2,0,0,0,0,2,2,0,0,0,0,2,2,0,0,0,0,2,0,6,0,2,2,1976,0,97,97,97,97,97,0,0,97,97,97,97,0,0,99.7,99.7,0,0,0,0,0,0,0,0,0,0,0,0,0,0,0,999.7,0,12,2,97,0,0,999.7,0,9797,9797,9797,9797,0,99.7,0,99.7,0,999.7,97,1,1,97,1,1,0,0,1,6,0,9,99,11,3,3,3,1,1,1,1,4,999999.97,0,98,1,0,98,15,1,1,1,6,9,1,97,0,0,0,0,0,8
"84",13136,6,992.8939,1,6,2,6,2,9797,9797,9797,9797,9797,9797,9797,9797,9797,9797,9797,9797,9797,9797,9797,9797,9797,9797,9797,9797,9797,9797,2,0,1,99.9,2,0,1,2,2,0,2,0,2,0,2,0,2,0,2,0,2,0,2,0,2,0,2,2,2,2,2,2,2,2,2,2,0,0,2,0,999.7,0,999.7,1,4,2,2,6,4,4,4,2,0,0,0,0,2,0,0,0,0,0,0,0,0,0,0,0,0,0,0,0,0,4,4,4,4,2,0,0,0,0,0,0,4,4,4,4,4,4,4,2,4,4,2,0,0,0,0,0,0,0,0,0,0,0,0,5,5,2,0,0,0,0,0,0,0,0,0,0,0,0,0,0,0,0,0,0,0,0,0,0,0,0,0,0,0,0,0,0,0,0,0,1,2,2,2,2,2,2,2,2,2,1,2,2,1,0,0,0,0,0,97,97,97,97,0,0,0,97,97,97,97,0,0,0,97,97,97,97,0,0,0,97,97,97,97,2,2,2,0,0,0,0,2,2,0,0,0,0,2,2,0,0,0,0,2,2,0,0,0,0,2,0,6,0,2,2,1969,0,97,97,97,97,97,0,0,97,97,97,97,0,0,99.7,99.7,0,0,0,0,0,0,0,0,0,0,0,0,0,0,0,999.7,0,12,2,97,0,0,999.7,0,9797,9797,9797,9797,0,99.7,0,99.7,0,999.7,97,1,1,97,4,1,1,0,4,5,0,2,97,11,1,0,4,2,2,1,1,4,999999.97,0,4,1,0,4,14,1,4,1,3,4,1,97,0,0,0,0,0,0
"85",11272,5,2286.4237,2,1,1,4,1,930,2210,760,1035,2200,9797,9797,9797,9797,9797,9797,9797,9797,9797,9797,9797,9797,9797,9797,9797,9797,685,1,24,1,3,1,5,2,0,2,0,1,20,2,0,2,0,2,0,1,4,2,0,2,0,1,2,2,1,1,2,1,2,1,1,1,1,7,0,2,0,999.7,0,999.7,1,4,4,0,0,4,1,3,2,0,0,0,0,2,0,0,0,0,0,0,0,0,0,0,0,0,0,0,0,0,4,4,4,4,2,0,0,0,0,0,0,4,4,4,4,3,4,4,4,4,4,2,0,0,0,0,0,0,0,0,0,0,0,0,5,1,1,0,1,0,0,0,0,0,0,1,0,0,0,0,0,0,0,0,0,0,0,0,0,0,0,0,0,0,0,7,3,2,2,2,0,0,0,0,0,0,0,0,0,0,0,0,0,2,1,1,1,4,6,0,97,97,97,0,0,8,97,97,97,97,0,0,8,97,97,97,97,0,0,8,97,97,97,97,1,2,2,0,0,0,0,2,2,0,0,0,0,2,2,0,0,0,0,2,2,0,0,0,0,1,1,1,0,0,0,9997,0,97,97,97,97,32,1,0,97,5,30,10,1,2,45,99.7,1,0,0,0,0,0,0,0,0,0,1,2,2,2,2,45,3,1,1,1,0,0,30,2,9797,9797,9797,9797,1,18,2,0,1,35,4,2,1,97,2,0,1,0,2,7,0,2,97,11,2,3,1,2,2,1,1,1,15.8,1,6,2,7,6,5,1,1,4,4,5,3,2,2,0,0,0,0,1
"86",5890,3,870.7213,1,2,1,1,2,9797,9797,9797,9797,9797,9797,9797,9797,9797,9797,9797,9797,9797,9797,9797,9797,9797,9797,9797,9797,9797,9797,2,0,1,14,1,4,2,0,2,0,1,40,2,0,1,35,2,0,2,0,1,50,2,0,2,0,2,2,1,1,1,2,1,2,1,2,5,0,1,2,999.7,1,48,1,1,2,2,8,4,1,1,1,2,3,3,3,1,2,0,0,2,0,0,0,0,0,0,1,4,1,4,4,4,4,4,4,2,1,3,4,4,4,4,4,4,3,4,4,3,4,4,4,4,4,2,0,0,0,0,0,0,0,0,0,0,0,0,5,1,1,0,0,0,0,0,0,0,0,0,0,5,0,0,0,0,0,0,0,0,0,0,5,0,0,0,0,0,5,0,3,2,7,7,0,0,0,0,0,0,0,0,0,0,0,0,0,2,2,0,0,0,0,97,97,97,97,0,0,0,97,97,97,97,0,0,0,97,97,97,97,0,0,0,97,97,97,97,2,2,2,0,0,0,0,2,2,0,0,0,0,2,2,0,0,0,0,1,1,0,0,0,0,1,1,1,0,0,0,9997,0,97,97,97,97,52,1,0,97,4,24,10,2,2,40,99.7,1,0,0,0,0,0,0,0,0,0,1,2,2,2,1,40,1,10,2,97,0,0,999.7,0,9797,9797,9797,9797,0,99.7,0,99.7,0,999.7,97,1,1,97,1,1,0,0,1,7,0,1,5,5,3,2,1,2,2,1,1,1,560,3,7,2,1,8,4,1,3,2,0,1,12,97,0,0,0,0,0,0
"87",11395,5,4086.2643,1,2,3,3,1,700,2130,870,0,0,9797,9797,9797,9797,9797,9797,9797,9797,9797,9797,9797,9797,9797,9797,9797,9797,0,1,0,1,1,1,8,2,0,2,0,2,0,2,0,1,2,2,0,1,1,2,0,1,5,2,0,2,1,2,2,1,2,2,2,2,1,3,0,1,2,999.7,1,2,1,4,4,0,0,4,3,4,2,0,0,0,0,2,0,0,0,0,0,0,0,0,0,0,0,0,0,0,0,0,4,4,4,3,2,0,0,0,0,0,0,4,4,4,4,4,4,4,4,4,4,1,4,4,4,4,4,4,4,4,4,2,4,4,5,5,1,0,0,0,0,0,0,1,0,2,0,0,0,0,0,0,0,0,0,0,0,0,5,0,0,0,0,0,1,0,5,3,2,1,0,0,0,0,0,0,0,0,0,0,0,0,0,2,1,2,1,5,1,15,65,52,97,2,3,1,47,3,97,97,0,0,8,97,97,97,97,0,0,8,97,97,97,97,2,2,2,0,0,0,0,2,2,0,0,0,0,1,1,0,0,1,5,1,1,0,0,1,5,1,1,1,0,0,0,9997,0,97,97,97,97,52,1,0,97,13,16,10,1,1,42,10,1,0,0,0,0,0,0,0,0,0,4,2,2,2,2,52,1,1,1,1,0,0,36,2,9797,9797,9797,9797,1,25,1,10,1,30,9,1,1,97,1,1,0,0,1,9,1,1,7,7,2,4,2,2,2,1,1,1,36000,7,9,2,2,11,6,1,1,4,5,7,3,14,0,0,2,0,0,2
"88",20620,9,381.1544,1,2,2,5,2,9797,9797,9797,9797,9797,9797,9797,9797,9797,9797,9797,9797,9797,9797,9797,9797,9797,9797,9797,9797,9797,9797,2,0,1,5,2,0,2,0,2,0,2,0,2,0,2,0,2,0,1,20,1,5,1,20,1,2,1,1,1,1,2,2,2,2,1,2,5,0,2,0,999.7,0,999.7,1,2,1,1,1,3,1,4,1,1,1,4,4,1,1,4,3,1,4,4,4,3,4,4,1,1,4,4,3,3,4,3,3,2,1,1,3,3,3,4,4,3,1,2,3,2,3,1,4,1,4,1,4,4,3,4,4,4,4,4,4,1,4,4,1,1,1,0,0,0,0,0,0,0,0,0,0,0,0,0,0,0,0,0,0,0,0,0,0,0,0,0,0,0,0,7,1,7,7,7,0,0,0,0,0,0,0,0,0,0,0,0,0,1,0,0,0,0,0,97,97,97,97,0,0,0,97,97,97,97,0,0,0,97,97,97,97,0,0,0,97,97,97,97,2,2,2,0,0,0,0,2,2,0,0,0,0,2,2,0,0,0,0,1,1,0,0,0,0,2,0,1,0,0,0,9997,0,97,97,97,97,52,1,0,97,13,1,3,2,2,45,99.7,1,0,0,0,0,0,0,0,0,0,1,1,2,2,2,45,1,10,2,97,0,0,999.7,0,9797,9797,9797,9797,0,99.7,0,99.7,0,999.7,97,2,8,2,1,1,0,0,1,9,1,1,1,1,1,0,1,2,2,7,7,1,65000,7,10,1,0,10,6,2,3,1,2,3,1,97,0,0,0,0,0,0
"89",13024,6,2364.9057,2,2,1,4,2,9797,9797,9797,9797,9797,9797,9797,9797,9797,9797,9797,9797,9797,9797,9797,9797,9797,9797,9797,9797,9797,9797,2,0,1,25,1,5,2,0,2,0,2,0,2,0,2,0,2,0,2,0,2,0,2,0,2,0,2,2,1,2,1,1,1,1,1,2,6,0,1,1,100,2,999.7,1,1,1,2,5,4,1,1,2,0,0,0,0,2,0,0,0,0,0,0,0,0,0,0,0,0,0,0,0,0,4,4,3,4,2,0,0,0,0,0,0,4,4,4,4,4,4,4,2,4,4,2,0,0,0,0,0,0,0,0,0,0,0,0,2,1,1,0,0,0,0,0,0,0,0,0,0,0,0,0,0,0,0,5,5,0,0,0,0,0,0,0,0,0,0,0,2,2,7,7,0,0,0,0,0,0,0,0,0,0,0,0,0,2,1,1,1,5,1,39,97,97,97,0,0,8,97,97,97,97,0,0,8,97,97,97,97,0,0,8,97,97,97,97,2,2,2,0,0,0,0,2,2,0,0,0,0,2,2,0,0,0,0,2,2,0,0,0,0,1,1,5,0,2,1,9997,0,20,4,9,9,97,0,0,97,97,97,97,0,0,99.7,99.7,0,0,0,0,0,0,0,0,0,0,0,0,0,0,0,999.7,0,7,1,1,0,0,37,1,1530,0,9797,9797,1,7,1,2,2,999.7,8,1,1,97,2,0,1,0,2,9,1,1,8,8,2,5,2,2,2,1,1,4,999999.97,0,5,2,1,7,6,2,1,2,4,6,2,97,0,0,0,0,0,3
"90",4431,2,376.9039,1,6,3,6,2,9797,9797,9797,9797,9797,9797,9797,9797,9797,9797,9797,9797,9797,9797,9797,9797,9797,9797,9797,9797,9797,9797,1,2,1,2.5,9,99.9,2,0,2,0,2,0,2,0,1,4,2,0,2,0,2,0,2,0,2,0,1,2,2,1,2,2,2,2,1,3,3,0,2,0,999.7,0,999.7,1,1,4,0,0,4,4,4,2,0,0,0,0,1,2,0,0,2,0,0,0,0,0,0,1,4,4,4,3,4,4,4,4,4,1,4,4,3,4,4,4,4,4,4,4,4,4,4,4,4,4,2,0,0,0,0,0,0,0,0,0,0,0,0,4,1,2,0,0,0,0,0,0,0,0,0,0,0,0,0,0,0,0,0,0,0,0,0,0,0,0,0,0,0,0,0,0,0,0,0,1,2,2,2,2,2,2,2,2,2,2,2,1,2,1,1,7,2,7,31,37,97,97,0,0,7,97,97,97,97,0,0,7,97,97,97,97,0,0,7,97,97,97,97,2,2,2,0,0,0,0,2,2,0,0,0,0,2,2,0,0,0,0,2,2,0,0,0,0,2,0,6,0,2,2,1989,0,97,97,97,97,97,0,0,97,97,97,97,0,0,99.7,99.7,0,0,0,0,0,0,0,0,0,0,0,0,0,0,0,999.7,0,9,1,5,0,2,999.7,0,9797,9797,9797,9797,1,7,2,0,1,4,10,1,1,97,1,1,0,0,1,5,0,2,97,11,2,3,2,2,2,1,1,4,999999.97,0,3,2,2,98,12,1,1,5,1,2,4,98,0,0,0,0,1,5
"91",19936,9,495.8245,1,6,3,6,2,9797,9797,9797,9797,9797,9797,9797,9797,9797,9797,9797,9797,9797,9797,9797,9797,9797,9797,9797,9797,9797,9797,2,0,1,99.9,2,0,2,0,2,0,2,0,2,0,2,0,2,0,2,0,2,0,2,0,2,0,3,3,3,3,3,3,3,3,3,3,0,0,2,0,999.7,0,999.7,2,4,4,0,0,4,4,4,2,0,0,0,0,2,0,0,0,0,0,0,0,0,0,0,0,0,0,0,0,0,4,4,4,4,2,0,0,0,0,0,0,4,4,4,4,4,4,4,4,4,4,2,0,0,0,0,0,0,0,0,0,0,0,0,2,2,2,0,0,0,0,0,0,0,0,0,0,0,0,0,0,0,0,0,0,0,0,0,0,0,0,0,0,0,0,0,0,0,0,0,2,0,0,0,0,0,0,0,0,0,0,0,0,1,0,0,0,0,0,97,97,97,97,0,0,0,97,97,97,97,0,0,0,97,97,97,97,0,0,0,97,97,97,97,2,2,2,0,0,0,0,2,2,0,0,0,0,2,2,0,0,0,0,2,2,0,0,0,0,2,0,6,0,2,2,1952,0,97,97,97,97,97,0,0,97,97,97,97,0,0,99.7,99.7,0,0,0,0,0,0,0,0,0,0,0,0,0,0,0,999.7,0,12,2,97,0,0,999.7,0,9797,9797,9797,9797,0,99.7,0,99.7,0,999.7,97,2,7,7,1,1,0,0,1,99,2,2,97,99,3,3,3,2,1,7,7,4,999999.97,0,98,1,0,98,15,2,4,1,6,9,1,97,0,0,0,0,0,0
"92",19916,9,564.6367,1,2,1,3,1,1000,2330,810,1310,2330,9797,9797,9797,9797,9797,9797,9797,9797,9797,9797,9797,9797,9797,9797,9797,9797,620,1,20,1,24,1,10,2,0,1,2,2,0,1,12,1,1,2,0,1,1,2,0,2,0,1,99.9,1,2,1,2,2,2,1,2,2,2,3,0,1,2,999.7,1,8,1,1,1,1,1,4,1,1,2,0,0,0,0,2,0,0,0,0,0,0,0,0,0,0,0,0,0,0,0,0,4,4,4,4,1,4,4,2,2,2,2,4,4,2,2,2,4,4,4,4,4,1,4,4,4,4,2,4,4,4,4,4,4,4,4,1,1,0,5,0,0,0,0,0,0,0,0,0,0,0,0,0,0,0,0,0,0,0,0,0,0,0,2,0,0,0,2,2,1,7,0,0,0,0,0,0,0,0,0,0,0,0,0,2,1,1,3,3,2,3,57,97,97,0,0,8,97,97,97,97,0,0,8,97,97,97,97,0,0,8,97,97,97,97,2,2,2,0,0,0,0,2,2,0,0,0,0,2,2,0,0,0,0,2,2,0,0,0,0,1,1,1,0,0,0,9997,0,97,97,97,97,52,1,0,97,8,14,12,1,1,37,3,1,0,0,0,0,0,0,0,0,0,4,2,2,2,2,40,1,10,2,97,0,0,999.7,0,9797,9797,9797,9797,0,99.7,0,99.7,0,999.7,97,1,1,97,1,1,0,0,1,9,1,2,97,10,6,2,1,2,2,1,1,1,16,1,99,2,1,99,5,2,3,3,7,11,7,13,0,0,2,0,0,0
"93",19808,9,284.3347,1,1,1,2,2,9797,9797,9797,9797,9797,9797,9797,9797,9797,9797,9797,9797,9797,9797,9797,9797,9797,9797,9797,9797,9797,9797,2,0,1,14,1,4,2,0,2,0,2,0,2,0,1,8,2,0,2,0,2,0,2,0,2,0,1,2,1,1,1,1,1,1,1,1,9,0,2,0,999.7,0,999.7,1,1,1,2,8,4,4,2,1,4,4,4,2,1,2,0,0,2,0,0,0,0,0,0,1,4,4,4,4,3,4,4,4,4,2,0,0,0,0,0,0,4,3,4,2,3,4,4,1,4,4,2,0,0,0,0,0,0,0,0,0,0,0,0,5,1,1,0,0,0,0,0,0,0,0,0,0,0,0,0,0,0,0,0,0,0,0,0,0,0,0,1,0,0,0,0,1,1,1,1,0,0,0,0,0,0,0,0,0,0,0,0,0,2,2,0,0,0,0,97,97,97,97,0,0,0,97,97,97,97,0,0,0,97,97,97,97,0,0,0,97,97,97,97,2,2,2,0,0,0,0,2,2,0,0,0,0,2,2,0,0,0,0,1,1,3,4,0,0,2,0,1,0,0,0,9997,0,97,97,97,97,52,1,0,97,10,18,14,1,2,37.5,99.7,1,0,0,0,0,0,0,0,0,0,4,2,2,2,2,37.5,1,10,2,97,0,0,999.7,0,9797,9797,9797,9797,0,99.7,0,99.7,0,999.7,97,1,1,97,1,1,0,0,1,9,2,1,7,7,2,1,2,2,1,1,1,1,13,1,6,2,1,7,10,2,2,2,1,2,7,24,0,0,0,1,0,0
"94",13519,6,2238.1817,1,3,3,3,2,9797,9797,9797,9797,9797,9797,9797,9797,9797,9797,9797,9797,9797,9797,9797,9797,9797,9797,9797,9797,9797,9797,2,0,1,1,2,0,2,0,1,2,1,3.5,1,6,1,2.5,2,0,2,0,2,0,2,0,2,0,2,2,1,1,2,1,2,2,1,2,4,0,2,0,999.7,0,999.7,1,3,4,0,0,4,1,1,1,2,4,4,4,2,0,0,0,0,0,0,0,0,0,0,0,0,0,0,0,0,4,4,4,1,1,3,4,4,4,4,4,4,4,4,4,3,4,3,4,4,4,2,0,0,0,0,0,0,0,0,0,0,0,0,2,1,1,0,0,0,0,0,2,0,0,0,0,0,0,0,0,0,0,0,0,0,0,0,0,0,0,0,0,0,0,0,1,1,1,7,0,0,0,0,0,0,0,0,0,0,0,0,0,2,2,0,0,0,0,97,97,97,97,0,0,0,97,97,97,97,0,0,0,97,97,97,97,0,0,0,97,97,97,97,1,2,2,0,0,0,0,2,2,0,0,0,0,2,2,0,0,0,0,1,1,0,0,0,0,1,1,1,0,0,0,9997,0,97,97,97,97,52,1,0,97,11,17,12,2,2,30,99.7,1,0,0,0,0,0,0,0,0,0,3,1,2,2,1,30,1,10,2,97,0,0,999.7,0,9797,9797,9797,9797,0,99.7,0,99.7,0,999.7,97,1,1,97,1,1,0,0,1,9,1,2,97,10,2,2,1,2,2,7,7,1,999999.99,9,99,2,9,99,2,1,4,4,6,9,10,97,0,0,0,0,0,0
"95",15500,7,1027.2371,1,1,1,6,1,9999,9999,9999,1000,1330,1700,1800,9797,9797,9797,9797,9797,9797,9797,9797,9797,9797,9797,9797,9797,9797,270,1,50,1,25,2,0,2,0,1,6,2,0,1,56,1,16,1,5,1,3,1,7.5,1,99.6,2,0,2,2,1,1,2,2,2,2,1,2,3,0,1,2,999.7,1,14,1,1,2,2,5,2,1,2,1,3,4,4,3,1,2,0,0,1,4,4,4,4,3,4,2,0,0,0,0,0,4,4,3,1,1,4,4,3,4,4,4,2,2,3,2,3,1,4,3,4,4,1,4,4,4,4,4,4,4,4,4,1,4,4,4,1,1,0,0,0,0,0,0,0,0,0,0,0,0,5,0,1,0,0,0,0,0,0,5,0,0,1,0,1,0,0,5,5,3,3,0,0,0,0,0,0,0,0,0,0,0,0,0,2,1,3,1,5,1,55,97,97,97,2,3,2,31,4,47,98,2,2,2,31,65,47,35,0,0,8,97,97,97,97,1,1,1,2,3,0,0,1,1,2,3,0,0,1,1,0,0,2,3,1,1,1,5,0,0,1,1,1,0,0,0,9997,0,97,97,97,97,52,1,0,97,10,5,2,1,2,35,99.7,1,0,0,0,0,0,0,0,0,0,1,2,2,2,1,35,1,2,1,2,0,0,0,2,9797,9797,9797,9797,1,10,1,20,1,20,4,1,1,97,1,1,0,0,1,8,1,1,3,3,2,1,1,2,2,1,1,1,37500,7,7,2,1,11,7,2,1,4,0,1,3,11,0,1,1,0,0,4
"96",13109,6,470.6579,1,2,1,2,2,9797,9797,9797,9797,9797,9797,9797,9797,9797,9797,9797,9797,9797,9797,9797,9797,9797,9797,9797,9797,9797,9797,2,0,1,5,2,0,2,0,2,0,1,3,1,8,2,0,2,0,2,0,2,0,1,6,2,0,2,2,2,2,2,2,2,2,1,1,2,0,1,1,137.5,2,999.7,2,2,2,2,6,3,1,1,1,3,4,4,4,2,0,0,0,0,0,0,0,0,0,0,0,0,0,0,0,0,4,4,4,3,2,0,0,0,0,0,0,4,4,4,4,3,1,4,4,4,4,1,3,4,4,4,4,4,4,4,4,4,4,4,3,1,1,0,5,0,0,0,0,0,0,0,0,0,0,0,0,0,0,0,0,0,0,0,0,0,0,0,5,0,0,0,2,2,7,7,0,0,0,0,0,0,0,0,0,0,0,0,0,2,2,0,0,0,0,97,97,97,97,0,0,0,97,97,97,97,0,0,0,97,97,97,97,0,0,0,97,97,97,97,2,2,2,0,0,0,0,2,2,0,0,0,0,2,2,0,0,0,0,2,2,0,0,0,0,2,0,4,1,2,2,1990,0,97,97,97,97,97,0,0,97,97,97,97,0,0,99.7,99.7,0,0,0,0,0,0,0,0,0,0,0,0,0,0,0,999.7,0,12,2,97,0,0,999.7,0,9797,9797,9797,9797,0,99.7,0,99.7,0,999.7,97,2,1,97,1,1,0,0,1,6,0,2,97,11,2,2,3,2,2,1,1,4,999999.97,0,1,2,1,98,1,1,4,2,3,4,12,97,0,0,0,0,0,0
"97",26515,12,690.5408,1,1,1,6,2,9797,9797,9797,9797,9797,9797,9797,9797,9797,9797,9797,9797,9797,9797,9797,9797,9797,9797,9797,9797,9797,9797,2,0,1,14,2,0,2,0,2,0,2,0,2,0,1,30,2,0,1,3,2,0,2,0,1,20,2,1,2,1,1,2,2,2,1,2,4,0,2,0,999.7,0,999.7,1,4,4,0,0,4,1,4,1,4,4,4,3,1,2,0,0,2,0,0,0,0,0,0,1,3,4,4,4,4,4,4,4,4,1,4,4,4,3,3,3,3,3,4,3,3,3,4,4,4,4,2,0,0,0,0,0,0,0,0,0,0,0,0,6,1,1,0,0,0,0,0,0,0,0,0,0,0,0,0,0,0,0,0,0,0,0,0,0,0,0,2,0,0,2,0,2,1,1,7,0,0,0,0,0,0,0,0,0,0,0,0,0,1,0,0,0,0,0,97,97,97,97,0,0,0,97,97,97,97,0,0,0,97,97,97,97,0,0,0,97,97,97,97,2,2,2,0,0,0,0,2,2,0,0,0,0,2,2,0,0,0,0,2,2,0,0,0,0,1,1,6,0,2,2,1982,0,97,97,97,97,97,0,0,97,97,97,97,0,0,99.7,99.7,0,0,0,0,0,0,0,0,0,0,0,0,0,0,0,999.7,0,12,2,97,0,0,999.7,0,9797,9797,9797,9797,0,99.7,0,99.7,0,999.7,97,2,2,97,1,1,0,0,1,6,0,2,97,11,3,5,1,1,2,1,1,4,999999.97,0,3,1,0,3,11,2,2,1,8,12,1,97,0,0,0,0,0,0
"98",12667,6,1099.8687,1,1,3,6,2,9797,9797,9797,9797,9797,9797,9797,9797,9797,9797,9797,9797,9797,9797,9797,9797,9797,9797,9797,9797,9797,9797,2,0,1,32,1,4,1,2,2,0,2,0,1,33,2,0,1,3,1,4,2,0,2,0,2,0,2,2,1,1,1,2,2,2,1,2,4,0,2,0,999.7,0,999.7,1,1,4,0,0,4,1,2,2,0,0,0,0,2,0,0,0,0,0,0,0,0,0,0,0,0,0,0,0,0,4,4,4,3,2,0,0,0,0,0,0,4,4,4,4,1,4,4,3,4,4,2,0,0,0,0,0,0,0,0,0,0,0,0,3,1,2,0,0,0,0,0,0,0,0,0,0,0,0,0,0,0,0,0,0,0,0,0,0,0,0,0,0,0,0,0,0,0,0,0,1,2,2,1,2,2,2,2,2,2,2,2,2,2,1,1,2,3,7,3,42,97,97,0,0,7,97,97,97,97,0,0,7,97,97,97,97,0,0,7,97,97,97,97,2,2,2,0,0,0,0,2,2,0,0,0,0,2,2,0,0,0,0,1,2,2,3,0,0,2,0,1,0,0,0,9997,0,97,97,97,97,30,1,0,97,6,16,15,2,2,44,99.7,1,0,0,0,0,0,0,0,0,0,1,2,2,1,1,44,3,1,1,1,0,0,40,1,730,1630,9797,9797,1,2,1,5,2,999.7,10,1,1,97,1,1,0,0,1,6,0,1,9,9,4,5,3,1,1,1,1,1,5.75,1,3,2,1,5,6,2,1,3,2,3,3,15,0,0,1,0,0,3
"99",15842,7,628.6596,1,9,9,9,2,9797,9797,9797,9797,9797,9797,9797,9797,9797,9797,9797,9797,9797,9797,9797,9797,9797,9797,9797,9797,9797,9797,2,0,2,0,2,0,2,0,1,6,2,0,2,0,2,0,1,35,1,25,2,0,2,0,2,0,2,2,2,2,2,2,2,2,2,2,0,0,1,2,999.7,1,184,1,1,4,0,0,4,1,3,2,0,0,0,0,1,2,0,0,2,0,0,0,0,0,0,1,4,3,4,4,4,4,4,2,2,1,4,4,2,3,2,4,4,2,4,1,2,2,4,4,4,4,1,4,4,4,4,4,4,4,4,4,1,4,4,2,3,1,0,0,0,0,0,0,0,0,0,0,0,0,0,0,0,0,0,0,0,0,0,0,0,0,0,0,0,5,7,2,7,7,7,0,0,0,0,0,0,0,0,0,0,0,0,0,1,0,0,0,0,0,97,97,97,97,0,0,0,97,97,97,97,0,0,0,97,97,97,97,0,0,0,97,97,97,97,2,2,2,0,0,0,0,2,2,0,0,0,0,2,2,0,0,0,0,2,2,0,0,0,0,2,0,1,0,0,0,9997,0,97,97,97,97,52,1,0,97,13,16,10,1,2,42,99.7,1,0,0,0,0,0,0,0,0,0,4,2,2,2,2,42,1,10,2,97,0,0,999.7,0,9797,9797,9797,9797,0,99.7,0,99.7,0,999.7,97,2,1,97,1,1,0,0,1,9,1,1,8,8,4,5,3,2,1,1,1,1,38000,7,7,1,0,7,5,1,3,1,2,3,1,97,0,0,0,0,0,0
"100",14715,7,2133.5755,1,2,1,4,2,9797,9797,9797,9797,9797,9797,9797,9797,9797,9797,9797,9797,9797,9797,9797,9797,9797,9797,9797,9797,9797,9797,2,0,1,14,2,0,2,0,2,0,1,3,2,0,2,0,2,0,2,0,2,0,2,0,2,0,2,2,1,2,2,2,2,2,1,2,2,0,1,1,25,2,999.7,2,2,1,1,1,4,2,1,1,2,4,4,4,2,0,0,0,0,0,0,0,0,0,0,0,0,0,0,0,0,4,4,4,2,2,0,0,0,0,0,0,4,4,4,3,3,4,4,4,4,4,2,0,0,0,0,0,0,0,0,0,0,0,0,2,1,1,0,0,0,0,0,0,0,0,0,0,0,0,0,0,0,0,0,0,0,0,0,5,0,0,0,0,0,0,0,1,1,7,7,0,0,0,0,0,0,0,0,0,0,0,0,0,1,0,0,0,0,0,97,97,97,97,0,0,0,97,97,97,97,0,0,0,97,97,97,97,0,0,0,97,97,97,97,2,2,2,0,0,0,0,2,2,0,0,0,0,2,2,0,0,0,0,2,2,0,0,0,0,1,1,4,2,2,2,1990,0,97,97,97,97,97,0,0,97,97,97,97,0,0,99.7,99.7,0,0,0,0,0,0,0,0,0,0,0,0,0,0,0,999.7,0,12,2,97,0,0,999.7,0,9797,9797,9797,9797,0,99.7,0,99.7,0,999.7,97,2,1,97,1,1,0,0,1,10,1,1,6,6,1,0,2,2,2,7,7,4,999999.97,0,3,1,0,3,3,1,4,1,5,8,1,97,0,0,0,0,0,0
